PCT_STD,POPULATION
ALA0001,764
ALA0002,856
ALA0003,1756
ALA0004,1466
ALA0005,2245
ALA0006,1483
ALA0007,1667
ALA0008,1143
ALA0009,392
ALA0010,651
ALA0011,1262
ALA0012,1030
ALA0013,1553
ALA0014,629
ALA0015,306
ALA0016,683
ALA0017,753
ALA0018,974
ALA0019,1032
ALA0020,1332
ALA0021,743
ALA0022,753
ALA0023,2201
ALA0024,403
ALA0025,1677
ALA0026,297
ALA0027,1442
ALA0028,1436
ALA0029,695
ALA0030,1190
ALA0031,802
ALA0032,1806
ALA0033,1065
ALA0034,574
ALA0035,422
ALA0036,1515
ALA0037,459
ALA0038,2000
ALA0039,2082
ALA0040,594
ALA0041,594
ALA0042,453
ALA0043,1637
ALA0044,713
ALA0045,1185
ALA0046,801
ALA0047,834
ALA0048,1256
ALA0049,398
ALA0050,238
ALA0051,981
ALA0052,1299
ALA0053,1428
ALA0054,1174
ALA0055,692
ALA0056,1146
ALA0057,815
ALA0058,1744
ALA0059,5122
ALA0060,783
ALA0061,825
ALA0062,1420
ALA0063,1374
BAK001A,912
BAK002A,1499
BAK003A,1305
BAK004A,22
BAK004B,303
BAK004C,177
BAK004D,330
BAK005A,1089
BAK006A,98
BAY0001,1358
BAY0002,546
BAY0003,245
BAY0004,1409
BAY0005,1233
BAY0006,1394
BAY0007,347
BAY0008,3269
BAY0009,4666
BAY0010,2950
BAY0011,5930
BAY0012,2801
BAY0013,1059
BAY0014,730
BAY0015,1123
BAY0016,716
BAY0017,2153
BAY0018,934
BAY0019,643
BAY0020,644
BAY0021,1264
BAY0022,806
BAY0023,1681
BAY0024,331
BAY0025,706
BAY0026,819
BAY0027,1620
BAY0028,1261
BAY0029,1481
BAY0030,283
BAY0031,2521
BAY0032,859
BAY0033,1309
BAY0034,526
BAY0035,939
BAY0036,707
BAY0037,2254
BAY0038,930
BAY0039,1735
BAY0040,787
BAY0041,1002
BAY0042,941
BAY0043,361
BAY0044,965
BRA0001,499
BRA0002,219
BRA0003,135
BRA0004,211
BRA0005,558
BRA0006,62
BRA0007,371
BRA0008,725
BRA0009,220
BRA0010,185
BRA0011,352
BRA0012,426
BRA0013,13
BRA0014,283
BRE0000,0
BRE0100,706
BRE0102,501
BRE0103,1286
BRE0104,1942
BRE0105,1789
BRE0106,1203
BRE0107,103
BRE0108,2565
BRE0109,1657
BRE0111,2151
BRE0112,741
BRE0113,1257
BRE0114,1480
BRE0115,1661
BRE0116,1385
BRE0118,2629
BRE0120,322
BRE0121,207
BRE0122,1050
BRE0123,1313
BRE0124,1434
BRE0125,1470
BRE0126,0
BRE0127,273
BRE0128,2
BRE0129,0
BRE0131,423
BRE0135,638
BRE0200,1163
BRE0201,979
BRE0202,1287
BRE0203,1280
BRE0204,2541
BRE0205,3812
BRE0206,1411
BRE0207,633
BRE0208,691
BRE0209,967
BRE0211,1446
BRE0212,908
BRE0213,343
BRE0214,648
BRE0215,412
BRE0216,3135
BRE0217,1476
BRE0218,387
BRE0219,1020
BRE0220,162
BRE0221,1461
BRE0222,1292
BRE0223,328
BRE0224,2376
BRE0225,1
BRE0226,2512
BRE0227,51
BRE0228,377
BRE0229,20
BRE0231,511
BRE0233,318
BRE0234,84
BRE0235,1515
BRE0236,29
BRE0240,195
BRE0300,1944
BRE0302,872
BRE0303,4729
BRE0304,3961
BRE0305,1152
BRE0306,938
BRE0307,569
BRE0308,2129
BRE0309,4467
BRE0310,1266
BRE0311,1799
BRE0312,1596
BRE0313,3185
BRE0314,1874
BRE0315,2571
BRE0316,1597
BRE0317,3701
BRE0318,2018
BRE0320,34
BRE0322,1996
BRE0323,137
BRE0324,389
BRE0325,29
BRE0326,26
BRE0327,33
BRE0400,1263
BRE0402,1272
BRE0403,615
BRE0404,1798
BRE0405,1874
BRE0406,1210
BRE0407,48
BRE0408,833
BRE0409,3286
BRE0410,176
BRE0411,150
BRE0412,416
BRE0414,2090
BRE0415,1309
BRE0416,874
BRE0417,1401
BRE0418,1080
BRE0419,772
BRE0420,495
BRE0421,552
BRE0422,1000
BRE0424,1042
BRE0425,92
BRE0426,273
BRE0427,811
BRE0428,1481
BRE0429,1058
BRE0430,31
BRE0431,126
BRE0432,10
BRE0435,22
BRE0437,187
BRE0441,1123
BRE0500,1728
BRE0501,124
BRE0502,1364
BRE0503,1163
BRE0504,343
BRE0505,1301
BRE0506,1403
BRE0507,2566
BRE0508,335
BRE0509,611
BRE0510,4284
BRE0511,398
BRE0512,760
BRE0513,375
BRE0515,917
BRE0516,3833
BRE0517,2515
BRE0518,1219
BRE0519,3197
BRE0520,2503
BRE0521,2383
BRE0522,76
BRE0523,281
BRE0525,409
BRE0527,1129
BRE0528,828
BRE0529,889
BRE0530,158
BRE0531,0
BRO0000,0
BRO0998,1
BROA001,3026
BROA002,572
BROA003,1280
BROA004,1044
BROA005,1972
BROA006,2733
BROA007,1068
BROA008,171
BROA009,2175
BROA010,577
BROA011,807
BROA012,593
BROA013,1980
BROA014,2571
BROA015,815
BROA016,1390
BROA017,545
BROA018,1065
BROA019,869
BROA020,1702
BROA021,923
BROA022,1115
BROA023,148
BROA024,39
BROB001,152
BROB002,869
BROB003,283
BROB004,902
BROB005,38
BROB006,29
BROC001,2171
BROC002,416
BROC003,822
BROC004,895
BROC005,617
BROC006,1447
BROC007,170
BROC008,226
BROC009,1181
BROC010,1082
BROC011,812
BROC013,817
BROC014,953
BROC015,1495
BROC016,1937
BROC017,348
BROC018,503
BROC019,72
BROC020,824
BROC021,1393
BROC022,433
BROC023,421
BROC024,353
BROC025,1094
BROC026,727
BROC027,364
BROC028,1210
BROC030,1591
BROC031,1268
BROC032,0
BROC033,457
BROC034,1265
BROC035,659
BROC036,89
BROC037,602
BROD001,828
BROD002,1393
BROD003,728
BROD004,62
BROD005,1667
BROD006,733
BROD007,507
BROD008,384
BROD009,1452
BROD010,169
BROD011,86
BROD012,18
BROD013,419
BROD014,233
BROD015,1096
BROD016,1842
BROE001,132
BROE002,1339
BROE003,1252
BROE004,1128
BROE005,665
BROE006,1730
BROE007,2207
BROE008,1713
BROE009,580
BROE010,1360
BROE011,1997
BROE012,470
BROE013,1084
BROE014,1022
BROE015,550
BROE016,859
BROE017,1090
BROE018,101
BROE019,434
BROE020,1974
BROE021,611
BROE022,898
BROE023,595
BROE024,1123
BROE025,587
BROE026,365
BROE027,1758
BROE028,165
BROE029,523
BROE030,107
BROE031,894
BROE032,614
BROE033,656
BROE034,125
BROF001,804
BROF002,114
BROF003,571
BROF004,2970
BROF005,1804
BROF006,1296
BROF007,971
BROF008,601
BROF009,1861
BROF010,1809
BROF011,938
BROF012,1907
BROF013,309
BROF014,860
BROG001,581
BROG002,1031
BROG003,782
BROG004,1487
BROG005,280
BROG006,2123
BROG007,169
BROG008,1491
BROG009,28
BROG010,746
BROG011,1867
BROG012,940
BROG013,303
BROG014,860
BROG015,246
BROG016,947
BROH001,633
BROH002,359
BROH003,1760
BROH004,358
BROH005,781
BROH006,429
BROH007,610
BROH008,768
BROH009,377
BROH010,192
BROH011,1683
BROJ001,422
BROJ002,867
BROJ003,528
BROJ004,1021
BROJ005,872
BROJ006,84
BROJ007,151
BROJ008,194
BROJ009,542
BROJ010,572
BROJ011,1187
BROJ012,1487
BROJ013,181
BROJ014,1127
BROJ015,587
BROJ017,250
BROJ018,256
BROJ019,1514
BROJ020,574
BROJ021,775
BROJ022,149
BROJ023,421
BROJ024,97
BROK001,606
BROK002,436
BROK003,995
BROK004,899
BROK005,479
BROK006,323
BROK007,952
BROK008,1066
BROK009,1945
BROK010,14
BROK011,630
BROL001,2020
BROL002,281
BROL003,194
BROL004,4131
BROL005,431
BROL006,1745
BROL007,160
BROL008,581
BROL009,229
BROL010,2013
BROL011,143
BROL012,190
BROL013,811
BROL014,170
BROL015,59
BROL016,425
BROL017,136
BROL018,384
BROL019,34
BROM001,434
BROM002,970
BROM003,1401
BROM004,475
BROM005,130
BROM006,316
BROM007,0
BROM008,213
BROM009,830
BROM010,14
BROM011,146
BROM012,736
BROM013,232
BROM014,738
BROM015,532
BROM017,72
BROM018,335
BROM019,158
BROM020,392
BROM021,881
BROM022,1273
BROM023,1049
BROM024,661
BROM025,1425
BROM026,684
BROM027,436
BROM028,1104
BROM029,420
BROM030,2142
BROM031,113
BROM032,371
BRON001,650
BRON002,618
BRON003,490
BRON004,906
BRON005,118
BRON006,691
BRON007,475
BRON008,977
BRON009,388
BRON010,502
BRON011,321
BRON012,668
BRON013,465
BRON014,2107
BRON015,1748
BRON016,759
BRON017,660
BRON018,1354
BRON019,369
BRON020,664
BRON021,504
BRON022,1884
BRON023,1510
BRON024,417
BRON025,1496
BRON026,1597
BRON027,149
BRON028,692
BRON029,488
BROP001,609
BROP002,540
BROP003,917
BROP004,386
BROP005,158
BROP006,627
BROQ010,527
BROQ020,124
BROQ030,1634
BROQ031,643
BROQ040,0
BROQ041,1386
BROQ042,319
BROQ043,0
BROQ044,4558
BROQ045,0
BROQ050,334
BROQ051,1490
BROQ060,1607
BROQ061,573
BROQ062,1117
BROQ063,628
BROQ064,450
BROQ065,2261
BROQ066,198
BROQ067,318
BROQ068,103
BROQ069,746
BROQ070,1124
BROQ071,431
BROQ072,551
BROQ080,1488
BROQ081,613
BROQ082,498
BROQ083,885
BROQ090,194
BROQ091,1224
BROR001,1168
BROR002,1181
BROR003,925
BROR004,461
BROR005,0
BROR006,339
BROR007,828
BROR008,736
BROR009,1125
BROR010,582
BROR011,399
BROR012,305
BROR013,1780
BROR014,1260
BROR015,2096
BROR016,748
BROR017,174
BROR018,1784
BROR019,1025
BROR020,855
BROR021,758
BROR022,339
BROR023,933
BROR024,350
BROR025,572
BROR026,853
BROR027,1021
BROR028,498
BROR029,440
BROR030,1460
BROR031,796
BROR032,4337
BROR033,1007
BROR034,2199
BROR035,957
BROR036,892
BROR037,192
BROR038,273
BROR039,661
BROR040,2415
BROR041,749
BROR042,254
BROR043,954
BROR044,248
BROR045,1172
BROR046,2362
BROR047,1424
BROR048,776
BROR049,597
BROR050,695
BROR051,513
BROR052,727
BROR053,806
BROR054,839
BROR055,654
BROR056,434
BROR057,158
BROR058,187
BROR059,785
BROR060,1336
BROR061,137
BROR062,204
BROR063,1996
BROR064,364
BROR065,51
BROR066,176
BROR067,320
BROR069,825
BROS001,1043
BROS002,1091
BROS003,1670
BROS004,1865
BROS005,952
BROS006,420
BROS007,1243
BROS008,762
BROS009,857
BROT001,1707
BROT002,430
BROT003,3042
BROT004,307
BROT005,141
BROT006,150
BROT007,738
BROT008,386
BROT009,1730
BROT010,858
BROT011,467
BROT012,392
BROT013,448
BROT014,830
BROT015,316
BROT016,47
BROT017,164
BROT018,2374
BROT019,928
BROT020,593
BROT021,270
BROT022,61
BROT023,839
BROT024,304
BROT025,1204
BROT026,352
BROT027,61
BROT028,2112
BROT029,1565
BROT030,38
BROU001,189
BROU002,443
BROU003,1011
BROU004,1092
BROU005,340
BROU006,1296
BROU007,569
BROU008,163
BROU009,368
BROU010,470
BROU011,1098
BROV001,225
BROV002,1512
BROV003,803
BROV004,1335
BROV005,591
BROV006,753
BROV007,1360
BROV008,211
BROV009,2421
BROV010,230
BROV011,710
BROV012,775
BROV013,1073
BROV014,343
BROV015,505
BROV016,958
BROV018,1513
BROV019,614
BROV020,692
BROV021,714
BROV022,493
BROV023,166
BROV024,603
BROV025,201
BROV026,156
BROV027,127
BROV028,225
BROV030,497
BROV031,497
BROV032,420
BROV033,670
BROV034,80
BROV036,7
BROV037,128
BROV038,891
BROV039,729
BROV040,452
BROV041,914
BROV042,1331
BROV043,506
BROV044,439
BROV045,532
BROV046,92
BROV047,525
BROV048,494
BROV049,344
BROV050,504
BROV051,571
BROV052,574
BROV053,410
BROV054,251
BROV055,684
BROV056,687
BROV057,2432
BROV058,261
BROW001,1543
BROW002,841
BROW003,490
BROW004,548
BROW005,275
BROW006,377
BROW007,685
BROW008,2515
BROW009,396
BROW010,355
BROW011,817
BROW012,863
BROW013,1408
BROW014,966
BROW015,210
BROW016,1530
BROW017,824
BROW018,1016
BROW019,739
BROW020,1553
BROW021,2764
BROW022,570
BROW023,5724
BROW024,1002
BROW025,1048
BROX001,315
BROX002,361
BROX003,577
BROX004,369
BROX005,474
BROX006,1429
BROX007,1127
BROX008,397
BROX009,1287
BROX010,1323
BROX011,391
BROX012,58
BROX013,666
BROX014,1502
BROX015,540
BROX016,568
BROX017,838
BROX018,166
BROX019,196
BROX020,1786
BROX021,2137
BROX022,1270
BROX023,2315
BROX024,1820
BROX025,221
BROX026,292
BROX027,739
BROX028,548
BROX029,953
BROX030,258
BROX031,2431
BROX032,298
BROX033,860
BROX034,464
BROX035,783
BROX036,702
BROX037,163
BROX038,1483
BROX039,293
BROX040,1424
BROX041,501
BROX042,578
BROX043,938
BROX044,556
BROX045,450
BROX046,419
BROX047,922
BROX048,272
BROX049,1161
BROX050,508
BROY002,3793
BROY003,304
BROY004,448
BROY005,3036
BROY006,4134
BROY007,2200
BROY008,2252
BROZ001,876
BROZ002,1194
BROZ003,927
BROZ004,263
BROZ005,366
CAL0101,426
CAL0102,37
CAL0201,422
CAL0202,320
CAL0301,612
CAL0302,195
CAL0401,261
CAL0402,4
CAL0501,157
CAL0502,82
CAL0503,250
CHA0001,235
CHA0002,77
CHA0003,446
CHA0004,255
CHA0005,1102
CHA0006,1031
CHA0007,1064
CHA0008,534
CHA0009,453
CHA0010,307
CHA0011,791
CHA0012,844
CHA0013,895
CHA0014,1679
CHA0015,1460
CHA0016,864
CHA0017,1677
CHA0018,1109
CHA0019,570
CHA0020,879
CHA0021,659
CHA0022,1989
CHA0023,492
CHA0024,650
CHA0025,893
CHA0026,390
CHA0027,2006
CHA0028,533
CHA0029,1968
CHA0030,359
CHA0031,987
CHA0032,144
CHA0033,1563
CHA0034,20
CHA0035,533
CHA0036,1125
CHA0038,1283
CHA0039,1373
CHA0041,343
CHA0042,1403
CHA0043,1374
CHA0044,2272
CHA0045,1714
CHA0046,1699
CHA0047,3408
CHA0048,960
CHA0049,396
CHA0052,1951
CHA0053,1383
CHA0054,780
CHA0055,2087
CHA0056,1263
CHA0058,1561
CHA0060,185
CHA0061,678
CHA0063,1117
CHA0064,1393
CHA0066,1020
CHA0067,191
CHA0068,429
CHA0069,246
CHA0075,1363
CHA0076,470
CHA0077,2609
CHA0078,52
CHA0080,1413
CIT0100,928
CIT0101,1759
CIT0102,423
CIT0103,1340
CIT0104,732
CIT0105,1202
CIT0107,1371
CIT0108,1594
CIT0109,1316
CIT0110,2833
CIT0200,1773
CIT0201,1481
CIT0202,2300
CIT0203,1379
CIT0204,998
CIT0205,1133
CIT0206,1876
CIT0208,600
CIT0300,1065
CIT0301,2452
CIT0302,3312
CIT0305,2990
CIT0307,5079
CIT0400,796
CIT0402,2463
CIT0403,3167
CIT0404,1145
CIT0405,3767
CIT0406,1292
CIT0407,1693
CIT0408,1173
CLA0100,791
CLA0102,1338
CLA0106,1417
CLA0110,769
CLA0112,1783
CLA0113,2219
CLA0115,1246
CLA0116,1407
CLA0118,1235
CLA0122,1296
CLA0124,531
CLA0128,691
CLA0202,1675
CLA0204,1457
CLA0206,762
CLA0208,339
CLA0210,909
CLA0216,885
CLA0218,1254
CLA0302,1438
CLA0304,728
CLA0308,725
CLA0310,484
CLA0400,402
CLA0406,204
CLA0408,1168
CLA0410,2028
CLA0412,474
CLA0414,355
CLA0500,1361
CLA0503,311
CLA0504,636
CLA0506,340
CLA0508,1336
CLA0600,1353
CLA0601,292
CLA0602,801
CLA0604,688
CLA0606,2318
CLA0610,163
CLA0612,102
CLA0700,38
CLA0702,1029
CLA0704,211
CLA0706,1386
CLA0708,680
CLA0710,490
CLL0101,3524
CLL0102,4
CLL0103,2942
CLL0135,4498
CLL0139,1344
CLL0141,2757
CLL0142,1172
CLL0144,2659
CLL0155,6534
CLL0156,3403
CLL0159,1690
CLL0189,79
CLL0190,2199
CLL0193,2388
CLL0194,2531
CLL0202,4066
CLL0203,1966
CLL0204,1001
CLL0222,2132
CLL0223,5403
CLL0242,1179
CLL0251,4764
CLL0252,459
CLL0255,4134
CLL0257,2082
CLL0258,2306
CLL0303,1825
CLL0304,2070
CLL0310,2658
CLL0313,2350
CLL0315,1346
CLL0317,2563
CLL0322,806
CLL0323,4888
CLL0324,3412
CLL0332,4513
CLL0414,2141
CLL0418,4571
CLL0428,1234
CLL0430,1672
CLL0431,1137
CLL0434,4753
CLL0438,503
CLL0440,2971
CLL0462,696
CLL0464,3304
CLL0472,895
CLL0475,82
CLL0477,3188
CLL0479,986
CLL0502,486
CLL0550,611
CLL0551,1964
CLL0552,2826
CLL0554,2363
CLL0590,3334
CLL0591,2600
CLL0593,1528
CLL0594,7160
CLM0010,864
CLM0012,352
CLM0014,166
CLM0015,265
CLM0016,716
CLM0017,651
CLM0021,393
CLM0022,330
CLM0023,2496
CLM0031,720
CLM0032,43
CLM0033,1470
CLM0034,368
CLM0041,859
CLM0042,89
CLM0043,567
CLM0044,511
CLM0051,635
CLM0052,1068
CLM0053,428
CLM0054,388
DAD0001,67
DAD0002,715
DAD0003,414
DAD0004,977
DAD0005,1222
DAD0006,508
DAD0007,989
DAD0008,715
DAD0009,1468
DAD0011,1069
DAD0013,2579
DAD0014,2408
DAD0015,276
DAD0016,568
DAD0017,793
DAD0018,1741
DAD0019,70
DAD0020,69
DAD0023,2110
DAD0024,767
DAD0025,1292
DAD0028,785
DAD0029,1047
DAD0030,363
DAD0031,788
DAD0032,1393
DAD0033,1645
DAD0036,1481
DAD0038,90
DAD0040,462
DAD0041,2679
DAD0042,2357
DAD0043,755
DAD0047,106
DAD0048,1571
DAD0051,3107
DAD0052,4
DAD0062,0
DAD0067,222
DAD0069,213
DAD0099,0
DAD0101,891
DAD0102,2474
DAD0103,1163
DAD0104,465
DAD0105,279
DAD0106,67
DAD0107.1,21
DAD0109,378
DAD0110,382
DAD0111,1371
DAD0112,0
DAD0113,380
DAD0114,17
DAD0115,1267
DAD0116,337
DAD0117,567
DAD0118,83
DAD0119,710
DAD0120,24
DAD0121,765
DAD0123,2142
DAD0124,346
DAD0125,473
DAD0126,759
DAD0127,1152
DAD0128,212
DAD0129,1333
DAD0130,1263
DAD0131,1056
DAD0133,379
DAD0134,590
DAD0135,990
DAD0136,800
DAD0138,88
DAD0139,168
DAD0140,1275
DAD0141,733
DAD0142,1792
DAD0143,1197
DAD0144,64
DAD0145,2
DAD0146,49
DAD0148,1209
DAD0149,140
DAD0150,118
DAD0151,85
DAD0152,549
DAD0154,646
DAD0155,268
DAD0156,534
DAD0157,247
DAD0158,86
DAD0159,560
DAD0160,290
DAD0161,644
DAD0162,830
DAD0163,88
DAD0164,1133
DAD0165,3
DAD0167,288
DAD0168,1666
DAD0169,0
DAD0170,0
DAD0173,16
DAD0176,47
DAD0177,732
DAD0178,408
DAD0179,88
DAD0181,99
DAD0182,85
DAD0184,1249
DAD0191,328
DAD0196,2007
DAD0198,534
DAD0199,206
DAD0200,771
DAD0201,978
DAD0202,926
DAD0203,986
DAD0205,692
DAD0206,813
DAD0207,811
DAD0208,219
DAD0209,1116
DAD0210,495
DAD0212,1577
DAD0213,1907
DAD0214,777
DAD0215,724
DAD0216,763
DAD0217,792
DAD0218,759
DAD0219,500
DAD0221,539
DAD0222,822
DAD0223,800
DAD0224,411
DAD0225,855
DAD0226,713
DAD0227,736
DAD0228,462
DAD0229,878
DAD0230,657
DAD0231,442
DAD0232,725
DAD0233,1387
DAD0234,349
DAD0235,362
DAD0236,250
DAD0237,861
DAD0238,558
DAD0239,481
DAD0240,1204
DAD0241,1185
DAD0242,1142
DAD0243,0
DAD0244,1327
DAD0245,836
DAD0246,1370
DAD0247,404
DAD0248,1023
DAD0248.1,358
DAD0249,788
DAD0250,424
DAD0250.1,303
DAD0251,1146
DAD0251.1,44
DAD0253,210
DAD0254,540
DAD0256,859
DAD0257,967
DAD0258,273
DAD0258.1,55
DAD0259,726
DAD0260,255
DAD0261,35
DAD0261.1,789
DAD0262,322
DAD0264,582
DAD0266.1,0
DAD0267,314
DAD0269,704
DAD0270,785
DAD0272,470
DAD0274,608
DAD0275,104
DAD0276,436
DAD0278,32
DAD0280,454
DAD0281,25
DAD0281.1,157
DAD0282,1008
DAD0284,821
DAD0285,87
DAD0288,4
DAD0291,780
DAD0295,815
DAD0296,1493
DAD0297,724
DAD0298,850
DAD0299,1320
DAD0300,801
DAD0301,543
DAD0302,645
DAD0303,767
DAD0304,547
DAD0305,1041
DAD0306,305
DAD0307,352
DAD0308,22
DAD0309,755
DAD0310,587
DAD0311,1818
DAD0312,846
DAD0314,60
DAD0315,671
DAD0316,326
DAD0317,488
DAD0318,1229
DAD0319,243
DAD0320,758
DAD0321,1586
DAD0322,1285
DAD0323,563
DAD0324,301
DAD0325,457
DAD0326,394
DAD0327,89
DAD0328,1278
DAD0330,811
DAD0331,1452
DAD0332,403
DAD0333,1170
DAD0335,697
DAD0336,431
DAD0337,1626
DAD0338,779
DAD0339,2302
DAD0340,3487
DAD0341,12
DAD0342,733
DAD0343,1863
DAD0344,866
DAD0345,0
DAD0345.1,2
DAD0346,965
DAD0347,523
DAD0348,337
DAD0349,2406
DAD0350,427
DAD0351,1416
DAD0352,1012
DAD0353,606
DAD0354,411
DAD0355,1543
DAD0356,956
DAD0357,467
DAD0358,615
DAD0359,1134
DAD0360,1535
DAD0362,426
DAD0363,3094
DAD0364,1130
DAD0365,736
DAD0366,683
DAD0367,369
DAD0368,1287
DAD0369,26
DAD0370,4686
DAD0371,1109
DAD0372,99
DAD0373,0
DAD0374,4
DAD0375,159
DAD0376,955
DAD0377,1935
DAD0378,418
DAD0379,1250
DAD0381,913
DAD0382,801
DAD0383,0
DAD0384,626
DAD0385,900
DAD0386,1970
DAD0387,468
DAD0388,1666
DAD0389,887
DAD0390,1137
DAD0392,0
DAD0394,0
DAD0396,237
DAD0398,217
DAD0399,223
DAD0400,1
DAD0402,641
DAD0405,337
DAD0406,452
DAD0407,394
DAD0409,662
DAD0410,683
DAD0411,203
DAD0411.1,172
DAD0412,769
DAD0413,940
DAD0413.1,42
DAD0414,359
DAD0415,1337
DAD0416,677
DAD0417,488
DAD0418,213
DAD0419,335
DAD0420,807
DAD0421,608
DAD0422,234
DAD0423,749
DAD0424,715
DAD0424.1,124
DAD0425,269
DAD0426,1555
DAD0427,393
DAD0428,781
DAD0429,578
DAD0430,299
DAD0430.1,323
DAD0431,485
DAD0431.1,109
DAD0432,806
DAD0433,610
DAD0434,354
DAD0434.1,164
DAD0435,1010
DAD0435.1,284
DAD0436,335
DAD0436.1,158
DAD0437,225
DAD0437.1,58
DAD0438,313
DAD0438.1,213
DAD0439,328
DAD0439.1,175
DAD0440,232
DAD0440.1,282
DAD0441,230
DAD0441.1,163
DAD0442,572
DAD0443,275
DAD0444,516
DAD0445,0
DAD0446,10
DAD0447,1833
DAD0448,176
DAD0449,78
DAD0450,409
DAD0451,772
DAD0452,1632
DAD0453,9
DAD0454,543
DAD0455,338
DAD0456,7
DAD0457,513
DAD0458,324
DAD0459,101
DAD0461,1096
DAD0462,5443
DAD0463,0
DAD0463.1,0
DAD0464,296
DAD0465,619
DAD0466,223
DAD0467,64
DAD0467.1,428
DAD0468,620
DAD0469,1497
DAD0470,732
DAD0471,384
DAD0472,362
DAD0482,0
DAD0487,4
DAD0488,1365
DAD0498,2178
DAD0500,615
DAD0501,904
DAD0502,1672
DAD0503,40
DAD0504,173
DAD0505,878
DAD0506,587
DAD0507,804
DAD0508,1082
DAD0509,629
DAD0510,437
DAD0511,827
DAD0512,753
DAD0514,973
DAD0515,1045
DAD0516,472
DAD0517,613
DAD0518,793
DAD0519,861
DAD0520,1083
DAD0521,1444
DAD0522,1296
DAD0523,583
DAD0524,423
DAD0526,35
DAD0528,790
DAD0529,1738
DAD0530,483
DAD0531,1922
DAD0532,52
DAD0533,935
DAD0533.1,1356
DAD0534,2119
DAD0534.1,446
DAD0535,961
DAD0536,1
DAD0536.1,356
DAD0537,3
DAD0538,2083
DAD0541,1935
DAD0542,0
DAD0543,3938
DAD0544,2943
DAD0545,2658
DAD0546,550
DAD0547,526
DAD0548,923
DAD0549,880
DAD0550,927
DAD0551,1096
DAD0552,611
DAD0553,886
DAD0554,871
DAD0556,2244
DAD0557,1182
DAD0558,573
DAD0559,475
DAD0560,815
DAD0561,1839
DAD0563,2058
DAD0564,2489
DAD0565,1610
DAD0566,2151
DAD0567,1186
DAD0570,949
DAD0571,79
DAD0572,574
DAD0573,897
DAD0574,1084
DAD0575,2262
DAD0576,1317
DAD0577,1958
DAD0578,572
DAD0579,1574
DAD0580,0
DAD0581,1695
DAD0582,1363
DAD0583,494
DAD0584,706
DAD0585,160
DAD0586,656
DAD0587,215
DAD0591,141
DAD0591.1,138
DAD0592,821
DAD0593,1981
DAD0594,369
DAD0595,310
DAD0596,1017
DAD0597,0
DAD0599,2256
DAD0601,527
DAD0602,247
DAD0603,126
DAD0604,1205
DAD0606,739
DAD0607,850
DAD0608,491
DAD0609,813
DAD0611,637
DAD0612,91
DAD0613,531
DAD0614,239
DAD0615,564
DAD0616,329
DAD0617,1098
DAD0618,14
DAD0621,1316
DAD0623,93
DAD0624,900
DAD0625,308
DAD0626,84
DAD0627,741
DAD0628,172
DAD0630,253
DAD0631,234
DAD0632,758
DAD0633,1256
DAD0634,31
DAD0635,18
DAD0636,1209
DAD0640,299
DAD0641,769
DAD0642,169
DAD0643,450
DAD0644,100
DAD0646,31
DAD0648,12
DAD0649,233
DAD0650,50
DAD0651,138
DAD0653,122
DAD0655,0
DAD0655.1,0
DAD0656,286
DAD0656.1,194
DAD0658.1,0
DAD0659,19
DAD0659.2,0
DAD0667,479
DAD0669,3021
DAD0670,1574
DAD0672,364
DAD0673,116
DAD0674,138
DAD0693,379
DAD0694,1293
DAD0695,1116
DAD0696,4202
DAD0697,592
DAD0699,580
DAD0700,308
DAD0701,796
DAD0702,658
DAD0703,1350
DAD0704,560
DAD0705,1212
DAD0706,955
DAD0707,231
DAD0708,1066
DAD0710,726
DAD0711,1205
DAD0712,615
DAD0713,1034
DAD0714,612
DAD0715,752
DAD0716,451
DAD0717,1044
DAD0718,681
DAD0719,660
DAD0719.1,0
DAD0720,894
DAD0721,3052
DAD0723,447
DAD0725,613
DAD0726,124
DAD0727,585
DAD0728,1464
DAD0729,341
DAD0730,1392
DAD0731,559
DAD0732,668
DAD0733,945
DAD0734,179
DAD0735,360
DAD0736,472
DAD0737,522
DAD0738,1045
DAD0739,407
DAD0740,541
DAD0741,932
DAD0742,1152
DAD0743,445
DAD0744,1026
DAD0745,584
DAD0746,757
DAD0748,505
DAD0749,438
DAD0750,781
DAD0751,359
DAD0752,1329
DAD0753,93
DAD0754,607
DAD0755,356
DAD0756,487
DAD0757,930
DAD0758,267
DAD0759,688
DAD0760,352
DAD0761,796
DAD0762,481
DAD0763,317
DAD0764,1530
DAD0765,206
DAD0766,971
DAD0767,742
DAD0768,282
DAD0769,293
DAD0770,271
DAD0771,347
DAD0772,521
DAD0773,634
DAD0774,23
DAD0775,686
DAD0776,1111
DAD0777,189
DAD0778,199
DAD0779,292
DAD0781,191
DAD0782,93
DAD0783,983
DAD0784,726
DAD0785,54
DAD0786,1119
DAD0787,50
DAD0788,877
DAD0789,2
DAD0790,0
DAD0791,236
DAD0792,606
DAD0793,601
DAD0794,764
DAD0796,6
DAD0797,691
DAD0798,1887
DAD0800,410
DAD0801,643
DAD0802,438
DAD0803,559
DAD0804,386
DAD0805,877
DAD0806,632
DAD0807,515
DAD0808,116
DAD0809,33
DAD0810,556
DAD0811,928
DAD0812,769
DAD0813,1141
DAD0814,1301
DAD0815,787
DAD0816,910
DAD0817,483
DAD0818,836
DAD0819,313
DAD0820,840
DAD0821,875
DAD0822,760
DAD0823,713
DAD0824,327
DAD0825,1497
DAD0826,580
DAD0827,121
DAD0827.1,224
DAD0829,330
DAD0829.1,32
DAD0830,477
DAD0831,227
DAD0832,311
DAD0833,290
DAD0835,0
DAD0837,589
DAD0838,310
DAD0839,651
DAD0839.1,0
DAD0840,572
DAD0841,1054
DAD0842,0
DAD0843,0
DAD0843.1,0
DAD0845,90
DAD0845.1,391
DAD0846,1326
DAD0847,1616
DAD0848,442
DAD0849,168
DAD0850,85
DAD0851,1011
DAD0853,801
DAD0854,751
DAD0856,1080
DAD0857,954
DAD0858,638
DAD0859,926
DAD0860,227
DAD0862,1602
DAD0888,52
DAD0889,303
DAD0890,1269
DAD0891,1213
DAD0892,50
DAD0893,127
DAD0894,178
DAD0895,461
DAD0897,573
DAD0900,359
DAD0901,604
DAD0903,2152
DAD0904,1868
DAD0905,440
DAD0906,781
DAD0907,807
DAD0909,2124
DAD0910,1157
DAD0911,1390
DAD0913,1567
DAD0914,388
DAD0915,1418
DAD0916,1379
DAD0918,590
DAD0919,811
DAD0920,1242
DAD0922,684
DAD0923,0
DAD0924,79
DAD0926,382
DAD0928,2016
DAD0930,214
DAD0931,456
DAD0932,141
DAD0933,0
DAD0934,904
DAD0935,458
DAD0936,262
DAD0937,0
DAD0938,1
DAD0940,260
DAD0941,366
DAD0942,391
DAD0943,117
DAD0945,0
DAD0947,2292
DAD0948,1494
DAD0949,669
DAD0951,1155
DAD0953,890
DAD0955,612
DAD0957,297
DAD0959,466
DAD0960,58
DAD0961,716
DAD0963,473
DAD0965,1335
DAD0966,140
DAD0967,629
DAD0969,1117
DAD0969.1,80
DAD0970,258
DAD0971,214
DAD0974,504
DAD0975,196
DAD0978,82
DAD0979,316
DAD0980,182
DAD0981,520
DAD0982,383
DAD0983,1
DAD0984,3766
DAD0984.1,3
DAD0985,149
DAD0987.1,28
DAD0991,344
DAD0991.1,257
DAD0993,11
DAD0994,270
DAD0995,3133
DAD0996,925
DAD0997,182
DAD0999,61
DES0001,1222
DES0002,479
DES0003,11
DES0005,88
DES0006,104
DES0007,1391
DES0008,98
DES0009,605
DES0010,1934
DES0011,104
DES0013,552
DES0014,909
DES0015,551
DES0016,621
DES0017,888
DIX0001,1396
DIX0002,170
DIX0004,1193
DIX0005,469
DIX0006,424
DIX0007,100
DIX0009,464
DIX0010,250
DIX0011,329
DIX0012,192
DUV0101,1191
DUV0102,2787
DUV0103,522
DUV0104,830
DUV0105,1501
DUV0106,2443
DUV0107,852
DUV0108,935
DUV0109,384
DUV0110,458
DUV0111,419
DUV0112,1143
DUV0113,1711
DUV0114,2320
DUV0201,374
DUV0202,475
DUV0203,2060
DUV0204,1118
DUV0205,2465
DUV0206,1766
DUV0207,1667
DUV0208,417
DUV0209,486
DUV0210,702
DUV0211,902
DUV0212,179
DUV0213,207
DUV0301,187
DUV0302,414
DUV0303,551
DUV0304,649
DUV0305,2096
DUV0306,973
DUV0307,735
DUV0308,433
DUV0309,1076
DUV0310,1189
DUV0311,958
DUV0312,1756
DUV0313,1496
DUV0315,434
DUV0401,443
DUV0402,2018
DUV0403,2823
DUV0404,1062
DUV0405,851
DUV0407,1841
DUV0408,1697
DUV0409,1512
DUV0410,1589
DUV0411,2231
DUV0412,1079
DUV0501,2428
DUV0502,362
DUV0503,700
DUV0504,444
DUV0505,568
DUV0506,2210
DUV0507,425
DUV0508,2019
DUV0509,696
DUV0510,937
DUV0511,668
DUV0512,611
DUV0513,1059
DUV0601,974
DUV0602,661
DUV0603,888
DUV0604,388
DUV0605,541
DUV0606,779
DUV0607,478
DUV0608,1479
DUV0609,311
DUV0610,948
DUV0611,447
DUV0612,454
DUV0613,1136
DUV0614,93
DUV0701,627
DUV0702,683
DUV0703,3986
DUV0704,1925
DUV0705,876
DUV0706,764
DUV0707,1873
DUV0708,885
DUV0709,1269
DUV0710,856
DUV0711,788
DUV0712,1017
DUV0713,2721
DUV0714,1039
DUV0801,1249
DUV0802,964
DUV0803,970
DUV0804,1506
DUV0805,1672
DUV0806,337
DUV0807,253
DUV0808,609
DUV0809,1455
DUV0810,96
DUV0811,483
DUV0812,822
DUV0813,1164
DUV0814,811
DUV0815,993
DUV0816,430
DUV0817,2444
DUV0818,260
DUV0901,2003
DUV0902,1766
DUV0903,1678
DUV0904,1112
DUV0905,771
DUV0906,553
DUV0907,1256
DUV0908,2786
DUV0909,1039
DUV0910,1582
DUV0911,2365
DUV0912,1017
DUV0913,393
DUV0914,3422
DUV1001,1168
DUV1002,1072
DUV1003,500
DUV1004,899
DUV1005,1109
DUV1006,1239
DUV1007,796
DUV1008,1333
DUV1009,430
DUV1010,700
DUV1011,864
DUV1012,693
DUV1013,355
DUV1014,1248
DUV1015,1114
DUV1016,184
DUV1102,27
DUV1103,344
DUV1104,1454
DUV1105,1755
DUV1106,2078
DUV1107,231
DUV1108,1742
DUV1109,516
DUV1110,3183
DUV1111,282
DUV1112,2082
DUV1113,1953
DUV1114,1054
DUV1115,1126
DUV1116,131
DUV1201,994
DUV1202,301
DUV1203,563
DUV1204,482
DUV1205,982
DUV1206,507
DUV1207,348
DUV1208,1112
DUV1209,627
DUV1210,322
DUV1211,1891
DUV1212,2031
DUV1213,1411
DUV1301,1114
DUV1302,1107
DUV1303,768
DUV1304,2124
DUV1305,877
DUV1306,1100
DUV1307,571
DUV1308,702
DUV1309,803
DUV1310,1775
DUV1311,803
DUV1312,967
DUV1313,1195
DUV1314,514
DUV1315,2491
DUV1401,1540
DUV1402,642
DUV1403,412
DUV1404,2705
DUV1405,1206
DUV1406,366
DUV1407,839
DUV1408,2073
DUV1409,1593
DUV1410,2936
DUV1411,2816
DUV1412,1574
DUV1413,2493
DUV1415,1676
ESC0001,2245
ESC0003,3277
ESC0005,1743
ESC0006,938
ESC0007,2575
ESC0011,772
ESC0014,1561
ESC0015,167
ESC0018,362
ESC0019,2338
ESC0021,1605
ESC0022,858
ESC0023,487
ESC0024,2428
ESC0025,938
ESC0026,3907
ESC0028,1253
ESC0029,1448
ESC0030,1426
ESC0031,1426
ESC0032,491
ESC0033,807
ESC0034,2400
ESC0035,1909
ESC0036,1940
ESC0038,1727
ESC0040,916
ESC0041,1425
ESC0042,1412
ESC0043,1972
ESC0046,1227
ESC0047,1597
ESC0048,1052
ESC0049,1090
ESC0050,373
ESC0051,1970
ESC0054,1408
ESC0055,1224
ESC0056,1629
ESC0058,549
ESC0060,877
ESC0061,859
ESC0062,2859
ESC0063,639
ESC0064,1434
ESC0067,2780
ESC0068,1479
ESC0069,3813
ESC0070,1724
ESC0071,1522
ESC0072,471
ESC0073,1868
ESC0074,3276
ESC0075,2581
ESC0077,2228
ESC0080,943
ESC0082,1136
ESC0083,1750
ESC0086,1557
ESC0088,1289
ESC0090,968
ESC0091,3102
ESC0094,1084
ESC0095,1058
ESC0097,638
ESC0098,2297
ESC0099,1297
ESC0101,1726
ESC0102,1570
ESC0103,1377
ESC0104,1734
ESC0105,2605
ESC0106,1423
ESC0107,2519
ESC0108,2286
ESC0110,377
ESC0111,1609
ESC0112,4054
ESC0113,1484
ESC0114,975
FLA0001,881
FLA0003,1789
FLA0005,243
FLA0007,716
FLA0008,1756
FLA0009,824
FLA0010,1929
FLA0011,1815
FLA0013,1507
FLA0014,2873
FLA0015,1913
FLA0016,1246
FLA0017,1077
FLA0018,2468
FLA0019,2127
FLA0020,2021
FLA0021,1642
FLA0023,2603
FLA0024,2059
FLA0027,1973
FLA0029,3202
FLA0031,612
FLA0033,2480
FLA0035,1241
FLA0037,765
FRA0001,1066
FRA0002,151
FRA0003,981
FRA0004,195
FRA0005,1254
FRA0006,711
FRA0007,671
FRA0008,425
GAD0001,526
GAD0002,852
GAD0003,185
GAD0004,1501
GAD0005,1436
GAD0006,733
GAD0007,412
GAD0008,123
GAD0009,1093
GAD0010,143
GAD0011,676
GAD0012,359
GAD0013,257
GAD0014,335
GAD0015,133
GAD0016,359
GAD0017,356
GAD0018,347
GAD0019,463
GAD0020,124
GAD0021,49
GAD0022,58
GAD0023,557
GAD0024,75
GAD0025,36
GIL001A,492
GIL001B,125
GIL001C,168
GIL002A,793
GIL003A,519
GIL004A,946
GIL005A,477
GIL006A,676
GIL007A,496
GIL008A,367
GLA0001,230
GLA0002,326
GLA0003,197
GLA0004,109
GLA0005,527
GLA0006,403
GLA0007,799
GLA0008,1126
GLA0009,26
GLA0010,209
GLA0011,74
GLA0012,17
GLA0013,524
GUL0001,1096
GUL0002,726
GUL0003,521
GUL0004,888
GUL0005,679
GUL0006,161
GUL0007,338
GUL0008,261
GUL0009,309
GUL0010,390
HAM0001,325
HAM0002,667
HAM0003,522
HAM0004,671
HAM0005,65
HAM0006,267
HAM0007,422
HAM0008,658
HAR0001,86
HAR0002,821
HAR0003,467
HAR0004,526
HAR0005,183
HAR0006,585
HAR0007,1423
HAR0008,130
HAR0009,895
HAR0010,642
HAR0011,726
HAR0012,428
HEN0001,2507
HEN0002,2073
HEN0003,1901
HEN0004,164
HEN0005,194
HEN0006,1245
HEN0007,1118
HEN0008,414
HEN0009,765
HEN0010,717
HER0001,444
HER0002,416
HER0004,2990
HER0006,680
HER0008,2108
HER0009,378
HER0010,1053
HER0012,1078
HER0014,3252
HER0015,2094
HER0017,3306
HER0018,2166
HER0019,3200
HER0021,1518
HER0023,2537
HER0024,4745
HER0025,2242
HER0027,2466
HER0029,1871
HER0030,853
HER0031,1301
HER0033,1789
HER0034,2312
HER0036,2189
HER0038,1698
HER0039,1043
HER0040,2727
HER0042,1257
HER0044,1766
HER0047,2929
HER0048,1787
HER0054,326
HIG0001,1493
HIG0002,2244
HIG0003,880
HIG0004,3410
HIG0005,2522
HIG0006,1201
HIG0007,629
HIG0008,1136
HIG0009,403
HIG0010,668
HIG0011,1118
HIG0012,1126
HIG0013,3420
HIG0014,185
HIG0015,3616
HIG0016,2761
HIG0017,4220
HIG0018,397
HIG0019,3231
HIG0020,1471
HIG0021,1545
HIG0022,202
HIG0023,164
HIG0024,1130
HIG0025,2188
HIL0101,2313
HIL0103,1343
HIL0105,2242
HIL0107,2414
HIL0108,1034
HIL0109,1117
HIL0111,815
HIL0112,1067
HIL0113,691
HIL0115,1301
HIL0116,488
HIL0117,1005
HIL0119,1272
HIL0121,1465
HIL0123,2532
HIL0125,349
HIL0127,1642
HIL0129,1314
HIL0131,1703
HIL0133,471
HIL0135,1614
HIL0137,1055
HIL0139,1182
HIL0141,932
HIL0145,1056
HIL0151,614
HIL0153,264
HIL0157,609
HIL0159,2681
HIL0160,1643
HIL0161,2253
HIL0163,948
HIL0165,1009
HIL0169,2220
HIL0175,1635
HIL0179,1178
HIL0203,2865
HIL0205,2717
HIL0207,1301
HIL0209,1231
HIL0213,1396
HIL0217,1376
HIL0218,399
HIL0219,1145
HIL0221,741
HIL0223,1593
HIL0225,345
HIL0227,1096
HIL0231,1917
HIL0233,1574
HIL0237,1412
HIL0239,1532
HIL0240,1731
HIL0243,1476
HIL0245,1370
HIL0247,261
HIL0249,1282
HIL0301,813
HIL0303,179
HIL0304,142
HIL0305,3235
HIL0307,1560
HIL0309,1611
HIL0317,1772
HIL0318,806
HIL0319,1280
HIL0321,1698
HIL0325,1867
HIL0327,1425
HIL0329,1120
HIL0333,643
HIL0335,919
HIL0338,1072
HIL0339,782
HIL0341,1955
HIL0342,1697
HIL0343,663
HIL0344,2075
HIL0345,1806
HIL0346,0
HIL0347,2194
HIL0353,29
HIL0355,85
HIL0356,215
HIL0357,366
HIL0358,821
HIL0359,691
HIL0360,640
HIL0361,1008
HIL0362,227
HIL0363,212
HIL0364,188
HIL0365,328
HIL0366,330
HIL0368,244
HIL0369,146
HIL0370,298
HIL0371,770
HIL0372,364
HIL0373,0
HIL0401,408
HIL0403,1293
HIL0404,322
HIL0405,923
HIL0407,1454
HIL0410,1248
HIL0411,1280
HIL0412,1720
HIL0413,302
HIL0414,675
HIL0415,883
HIL0421,840
HIL0422,766
HIL0423,1373
HIL0429,1200
HIL0430,355
HIL0431,836
HIL0433,389
HIL0434,1657
HIL0451,2044
HIL0454,1250
HIL0455,1106
HIL0457,1465
HIL0459,2770
HIL0461,413
HIL0462,21
HIL0463,89
HIL0500,1734
HIL0501,168
HIL0502,733
HIL0503,838
HIL0504,1047
HIL0505,944
HIL0506,314
HIL0507,836
HIL0508,1052
HIL0509,215
HIL0510,242
HIL0511,1030
HIL0512,232
HIL0513,52
HIL0514,252
HIL0516,883
HIL0517,496
HIL0519,364
HIL0520,381
HIL0521,876
HIL0522,186
HIL0523,622
HIL0524,496
HIL0525,1216
HIL0526,245
HIL0527,1579
HIL0528,233
HIL0529,565
HIL0530,186
HIL0531,450
HIL0532,79
HIL0533,648
HIL0534,1133
HIL0535,423
HIL0536,62
HIL0537,39
HIL0538,985
HIL0539,128
HIL0540,229
HIL0541,21
HIL0550,54
HIL0551,389
HIL0552,604
HIL0554,95
HIL0555,253
HIL0557,1406
HIL0559,795
HIL0560,6
HIL0562,4984
HIL0563,2193
HIL0565,120
HIL0566,2079
HIL0567,1352
HIL0569,858
HIL0571,535
HIL0573,154
HIL0574,806
HIL0575,904
HIL0577,1093
HIL0578,169
HIL0579,809
HIL0581,812
HIL0583,136
HIL0584,428
HIL0585,873
HIL0587,620
HIL0589,720
HIL0591,636
HIL0595,380
HIL0601,1708
HIL0605,149
HIL0613,530
HIL0617,1282
HIL0622,286
HIL0623,671
HIL0625,299
HIL0626,343
HIL0629,720
HIL0631,428
HIL0633,521
HIL0635,1003
HIL0636,42
HIL0639,127
HIL0641,751
HIL0643,235
HIL0650,621
HIL0651,712
HIL0652,234
HIL0653,810
HIL0654,612
HIL0655,852
HIL0657,333
HIL0658,511
HIL0659,566
HIL0661,196
HIL0662,193
HIL0671,2211
HIL0673,1328
HIL0700,161
HIL0701,1205
HIL0702,14
HIL0703,182
HIL0704,101
HIL0705,186
HIL0706,327
HIL0707,952
HIL0708,349
HIL0709,1073
HIL0710,430
HIL0711,257
HIL0712,985
HIL0713,923
HIL0721,1739
HIL0750,574
HIL0751,575
HIL0753,1941
HIL0754,929
HIL0755,503
HIL0757,2350
HIL0759,2065
HIL0761,1377
HIL0763,132
HIL0764,723
HIL0765,369
HIL0767,415
HIL0769,568
HIL0801,623
HIL0802,511
HIL0803,211
HIL0804,1037
HIL0805,218
HIL0806,490
HIL0807,75
HIL0808,568
HIL0809,201
HIL0810,386
HIL0811,507
HIL0813,1140
HIL0814,177
HIL0815,197
HIL0816,147
HIL0817,826
HIL0818,665
HIL0819,1055
HIL0820,633
HIL0821,1855
HIL0825,381
HIL0827,286
HIL0828,3590
HIL0829,1152
HIL0830,235
HIL0832,968
HIL0833,827
HIL0834,660
HIL0851,922
HIL0852,4089
HIL0853,1255
HIL0854,61
HIL0855,1236
HIL0856,1260
HIL0857,1154
HIL0858,700
HIL0860,280
HIL0862,41
HIL0863,373
HIL0867,1417
HIL0868,388
HIL0869,343
HIL0871,938
HIL0875,1082
HIL0876,556
HIL0877,95
HIL0879,781
HIL0883,2852
HIL0885,2379
HIL0887,1016
HIL0889,395
HIL0891,627
HIL0892,480
HIL0901,1159
HIL0902,365
HIL0904,1405
HIL0905,148
HIL0906,318
HIL0907,574
HIL0908,1336
HIL0909,1198
HIL0911,842
HIL0912,425
HIL0913,4104
HIL0914,626
HIL0915,301
HIL0916,1226
HIL0917,137
HIL0918,23
HIL0919,292
HIL0920,55
HIL0921,818
HIL0922,0
HIL0923,247
HIL0924,66
HIL0925,422
HIL0927,2
HIL0928,384
HIL0929,1480
HIL0930,429
HIL0931,204
HIL0932,3101
HIL0933,214
HIL0934,1002
HIL0935,973
HIL0936,529
HIL0937,33
HIL0938,64
HIL0939,1403
HIL0940,30
HIL0941,75
HIL0942,1883
HIL0943,930
HIL0944,1336
HIL0945,197
HIL0946,4492
HIL0947,1360
HIL0948,620
HIL0949,1932
HIL0950,1228
HIL0951,212
HIL0952,428
HIL0953,801
HIL0954,753
HIL0955,1873
HIL0956,680
HIL0957,375
HIL0958,575
HIL0959,1912
HIL0960,60
HIL0961,474
HIL0962,825
HIL0963,16
HIL0964,179
HIL0965,1261
HIL0966,394
HIL0967,791
HIL0968,695
HIL0969,157
HIL0970,89
HIL0971,834
HIL0972,825
HIL0973,393
HIL0974,113
HIL0979,404
HIL0980,341
HIL0981,410
HIL0982,329
HIL0983,241
HOL0001,711
HOL0002,588
HOL0003,541
HOL0004,668
HOL0005,303
HOL0006,1281
HOL0007,1117
HOL0008,706
IND0001,3
IND0002,1105
IND0003,181
IND0004,4
IND0005,2391
IND0006,647
IND0007,846
IND0008,2093
IND0009,2694
IND0010,3034
IND0011,833
IND0012,312
IND0013,3099
IND0014,1454
IND0015,61
IND0016,1551
IND0017,3490
IND0018,1898
IND0019,2756
IND0020,251
IND0021,1469
IND0022,1915
IND0023,1155
IND0024,793
IND0026,1852
IND0027,2837
IND0028,7110
IND0029,99
IND0030,1003
IND0031,706
IND0032,1831
IND0033,1147
IND0034,2696
IND0035,1697
IND0036,280
JAC0001,952
JAC0002,660
JAC0003,1925
JAC0004,2016
JAC0005,371
JAC0006,1604
JAC0007,1303
JAC0008,323
JAC0009,716
JAC0010,869
JAC0011,1563
JAC0012,1191
JAC0013,443
JAC0014,1646
JEF0001,250
JEF0002,21
JEF0003,39
JEF0004,113
JEF0005,581
JEF0006,265
JEF0007,301
JEF0008,181
JEF0009,156
JEF0010,253
JEF0011,155
JEF0012,326
JEF0013,2
JEF0014,37
JEF0015,45
JEF0016,17
LAF0001,549
LAF0002,266
LAF0003,327
LAF0004,748
LAF0005,367
LAK0001,1492
LAK0002,686
LAK0003,1199
LAK0004,1002
LAK0005,1246
LAK0006,2958
LAK0007,231
LAK0008,1583
LAK0009,321
LAK0010,631
LAK0011,2591
LAK0012,1908
LAK0013,593
LAK0014,1907
LAK0015,2141
LAK0016,1245
LAK0017,976
LAK0018,534
LAK0019,1151
LAK0020,1671
LAK0021,1087
LAK0022,4202
LAK0023,3443
LAK0024,89
LAK0025,2050
LAK0026,2138
LAK0027,502
LAK0028,433
LAK0029,572
LAK0030,801
LAK0031,414
LAK0032,1699
LAK0033,733
LAK0034,199
LAK0035,1848
LAK0036,450
LAK0037,690
LAK0038,1452
LAK0039,1387
LAK0040,528
LAK0041,433
LAK0042,1948
LAK0043,1504
LAK0044,1616
LAK0045,1035
LAK0046,956
LAK0047,1247
LAK0048,1563
LAK0049,1696
LAK0050,847
LAK0051,331
LAK0052,2521
LAK0054,889
LAK0056,503
LAK0057,327
LAK0058,2196
LAK0059,1565
LAK0060,465
LAK0061,631
LAK0062,2801
LAK0063,424
LAK0065,1453
LAK0067,2274
LAK0068,1442
LAK0069,519
LAK0070,265
LAK0071,267
LAK0072,969
LAK0073,681
LAK0074,594
LAK0075,672
LAK0076,163
LAK0078,1321
LAK0079,4798
LAK0080,1343
LAK0081,1272
LAK0082,4123
LAK0083,628
LAK0084,2987
LAK0085,913
LAK0086,157
LAK0087,307
LAK0088,645
LAK0089,1884
LAK0090,517
LAK0091,321
LAK0092,387
LAK0093,869
LAK0094,1444
LAK0095,913
LAK0096,422
LAK0097,2551
LAK0098,85
LAK0099,366
LAK0100,1355
LAK0101,403
LAK0102,200
LAK0103,276
LAK0104,332
LAK0105,607
LAK0106,490
LAK0107,110
LEE0000,0
LEE0001,800
LEE0002,1842
LEE0003,2541
LEE0004,2767
LEE0005,1021
LEE0006,1382
LEE0007,2273
LEE0008,1386
LEE0009,1873
LEE0010,3329
LEE0011,1686
LEE0012,3166
LEE0013,2408
LEE0014,347
LEE0015,910
LEE0016,163
LEE0017,191
LEE0018,420
LEE0019,115
LEE0020,2577
LEE0021,889
LEE0022,3652
LEE0023,2924
LEE0024,1740
LEE0025,3627
LEE0026,1954
LEE0027,728
LEE0028,1758
LEE0029,2439
LEE0030,2633
LEE0031,1434
LEE0032,4018
LEE0033,1491
LEE0034,2125
LEE0035,2368
LEE0036,5894
LEE0037,2109
LEE0038,2808
LEE0039,1614
LEE0040,1847
LEE0041,2081
LEE0042,3786
LEE0043,475
LEE0044,2691
LEE0045,966
LEE0046,2866
LEE0047,3415
LEE0048,2225
LEE0049,1884
LEE0050,2689
LEE0051,3399
LEE0052,2106
LEE0053,3453
LEE0054,130
LEE0055,2687
LEE0056,2404
LEE0057,1370
LEE0058,1848
LEE0059,3208
LEE0060,1671
LEE0061,2224
LEE0062,2096
LEE0063,2351
LEE0064,1408
LEE0065,2775
LEE0066,1315
LEE0067,1687
LEE0068,3165
LEE0069,2180
LEE0070,1894
LEE0071,1222
LEE0072,1015
LEE0073,2889
LEE0074,1787
LEE0075,860
LEE0076,552
LEE0077,1547
LEE0078,2735
LEE0079,1545
LEE0080,1411
LEE0081,276
LEE0082,445
LEE0083,685
LEE0084,1477
LEE0085,1307
LEE0086,3877
LEE0087,1601
LEE0088,822
LEE0089,1907
LEE0090,1070
LEE0091,1793
LEE0092,2392
LEE0093,1607
LEE0094,1619
LEE0095,2007
LEE0096,2468
LEE0097,2922
LEE0098,1867
LEE0099,1704
LEE0100,3148
LEE0101,1777
LEE0102,3036
LEE0103,2360
LEE0104,2507
LEE0105,2322
LEE0106,1595
LEE0107,2676
LEE0108,1831
LEE0109,2592
LEE0110,2017
LEE0111,1947
LEE0112,2797
LEE0113,2012
LEE0114,2576
LEE0115,3594
LEE0116,2605
LEE0117,605
LEE0118,1999
LEE0119,1288
LEE0120,2018
LEE0121,1469
LEE0122,2856
LEE0123,1696
LEE0124,2815
LEE0125,1621
LEE0126,982
LEE0127,126
LEO1203,594
LEO1205,29
LEO1230,0
LEO1255,364
LEO1257,128
LEO1301,431
LEO1302,1084
LEO1303,201
LEO1309,315
LEO1311,349
LEO1313,1191
LEO1314,0
LEO1315,75
LEO1317,496
LEO1319,365
LEO1321,1612
LEO1327,191
LEO1353,47
LEO1355,409
LEO1359,17
LEO1361,97
LEO1362,2
LEO1501,152
LEO1502,339
LEO1503,434
LEO1505,301
LEO1507,735
LEO2251,29
LEO2252,427
LEO2253,84
LEO2303,60
LEO2305,1261
LEO2306,758
LEO2355,9
LEO2358,82
LEO2359,147
LEO2363,166
LEO2365,2118
LEO2366,116
LEO2380,27
LEO2401,145
LEO2451,311
LEO2502,224
LEO2503,0
LEO2504,127
LEO2506,1071
LEO2507,1246
LEO2509,376
LEO2511,1136
LEO2513,404
LEO3101,286
LEO3103,222
LEO3104,78
LEO3107,214
LEO3109,85
LEO3110,307
LEO3401,308
LEO3403,301
LEO3405,67
LEO3409,176
LEO3411,703
LEO3412,92
LEO3414,9
LEO3453,459
LEO3455,242
LEO3457,116
LEO3459,322
LEO3461,237
LEO3467,524
LEO3468,3
LEO3469,690
LEO3473,410
LEO3475,12
LEO3477,82
LEO3501,543
LEO3502,186
LEO3507,524
LEO3509,600
LEO3513,562
LEO3551,0
LEO4101,412
LEO4103,763
LEO4105,5
LEO4107,28
LEO4109,54
LEO4119,797
LEO4125,1352
LEO4153,233
LEO4154,6
LEO4155,200
LEO4157,56
LEO4159,181
LEO4161,335
LEO4162,9
LEO4163,315
LEO4167,492
LEO4168,36
LEO4173,150
LEO4184,85
LEO4401,154
LEO4403,344
LEO4405,498
LEO4408,346
LEO4451,96
LEO4453,76
LEO4455,844
LEO4456,33
LEO4458,35
LEO4459,1206
LEO4461,551
LEO5103,953
LEO5105,1445
LEO5107,157
LEO5110,252
LEO5113,0
LEO5115,225
LEO5153,257
LEO5154,140
LEO5201,359
LEO5203,489
LEO5204,1
LEO5205,14
LEO5207,1012
LEO5209,165
LEO5211,154
LEO5214,571
LEO5219,476
LEO5220,460
LEO5221,827
LEO5224,86
LEO5225,1848
LEO5227,44
LEO5251,159
LEO5252,0
LEO5260,933
LEO5261,394
LEO5263,452
LEO5264,1
LEO5265,0
LEO5284,340
LEV0001,1018
LEV0002,1061
LEV0003,1776
LEV0004,420
LEV0005,1816
LEV0006,328
LEV0007,1541
LEV0008,1112
LEV0009,1858
LEV0010,428
LEV0011,353
LEV0012,1104
LEV0013,1175
LIB0001,55
LIB0002,26
LIB0003,328
LIB0004,394
LIB0005,323
LIB0006,354
LIB0007,300
LIB0008,206
MAD0001,1073
MAD0002,143
MAD0003,1022
MAD0004,159
MAD0005,643
MAD0006,25
MAD0007,528
MAD0008,454
MAD0009,120
MAD0010,582
MAD0011,465
MAN0101,3042
MAN0103,847
MAN0107,517
MAN0111,1088
MAN0117,2619
MAN0119,274
MAN0121,2206
MAN0123,2208
MAN0125,1439
MAN0127,2605
MAN0129,526
MAN0131,2542
MAN0133,121
MAN0135,2548
MAN0137,1830
MAN0139,2844
MAN0141,165
MAN0201,1735
MAN0203,383
MAN0205,768
MAN0207,1885
MAN0209,819
MAN0211,840
MAN0213,5056
MAN0215,908
MAN0217,2939
MAN0219,1788
MAN0221,4182
MAN0223,1905
MAN0301,1030
MAN0303,592
MAN0305,1094
MAN0307,592
MAN0309,315
MAN0311,2094
MAN0313,2338
MAN0315,1769
MAN0317,1755
MAN0323,2584
MAN0325,2269
MAN0327,2309
MAN0329,1462
MAN0331,2499
MAN0333,3217
MAN0401,2774
MAN0403,3193
MAN0405,981
MAN0407,213
MAN0409,3763
MAN0411,2136
MAN0413,1707
MAN0415,3377
MAN0417,2401
MAN0419,2277
MAN0421,1023
MAN0501,5776
MAN0503,3127
MAN0505,2623
MAN0507,1285
MAN0509,1933
MAN0511,2901
MAN0513,1530
MAN0515,3410
MAN0517,3310
MAN0519,3564
MAN0521,2722
MAN0523,2033
MAN0525,1122
MAN0527,618
MON0001,310
MON0002,802
MON0003,594
MON0004,433
MON0005,1393
MON0006,1172
MON0007,472
MON0008,1138
MON0009,987
MON0010,501
MON0011,1220
MON0012,503
MON0013,319
MON0014,245
MON0015,520
MON0016,639
MON0017,595
MON0018,168
MON0019,766
MON0020,248
MON0021,89
MON0022,35
MON0023,717
MON0024,578
MON0025,187
MON0026,746
MON0027,422
MON0028,462
MON0029,799
MON0030,492
MON0031,466
MON0032,806
MON0033,172
MRN0001,721
MRN0002,710
MRN0003,1652
MRN0004,2944
MRN0005,879
MRN0006,1403
MRN0007,1549
MRN0008,630
MRN0009,955
MRN0010,827
MRN0011,552
MRN0012,1283
MRN0013,206
MRN0014,587
MRN0015,902
MRN0016,566
MRN0017,735
MRN0018,2644
MRN0019,422
MRN0040,1381
MRN0050,854
MRN0060,182
MRN0070,96
MRN1500,644
MRN1510,439
MRN1520,402
MRN1530,1819
MRN1540,1339
MRN1550,1038
MRN1560,837
MRN1570,529
MRN1580,843
MRN1590,293
MRN1600,888
MRN1610,1074
MRN2500,406
MRN2510,22
MRN2520,680
MRN2530,714
MRN2540,190
MRN2550,263
MRN2551,496
MRN2560,470
MRN2570,1359
MRN2580,505
MRN2590,641
MRN2600,1979
MRN2610,802
MRN2620,96
MRN2630,410
MRN3510,1100
MRN3520,778
MRN3530,1486
MRN3540,1326
MRN3550,3455
MRN3560,403
MRN3570,1119
MRN3580,1733
MRN3590,1392
MRN3600,858
MRN3610,547
MRN3620,1005
MRN3621,290
MRN3622,429
MRN3630,1064
MRN3640,452
MRN3650,815
MRN3660,897
MRN3670,2686
MRN3680,341
MRN3690,1909
MRN3700,1571
MRN3710,1873
MRN3720,230
MRN3730,1187
MRN3740,394
MRN3750,322
MRN3760,457
MRN3770,1243
MRN3780,1238
MRN3790,241
MRN3800,826
MRN3810,888
MRN3820,585
MRN3830,519
MRN3840,751
MRN4500,973
MRN4510,1399
MRN4520,1430
MRN4521,26
MRN4530,443
MRN4540,688
MRN4550,950
MRN4560,1307
MRN4570,657
MRN4580,1545
MRN4590,1945
MRN4600,494
MRN4610,1225
MRN4620,1033
MRN4630,599
MRN4640,1223
MRN4650,618
MRN4651,2105
MRN4652,162
MRN4653,144
MRN4654,1001
MRN4660,945
MRN4670,1413
MRN4680,704
MRN4690,1492
MRN4700,221
MRN4710,1692
MRN4720,258
MRN4730,456
MRN4740,479
MRN4750,880
MRN4760,312
MRN4770,167
MRN4771,20
MRT0001,1749
MRT0002,2755
MRT0003,270
MRT0004,2797
MRT0005,688
MRT0006,2576
MRT0007,2209
MRT0008,909
MRT0009,1882
MRT0010,881
MRT0011,1706
MRT0012,3638
MRT0013,4386
MRT0014,2344
MRT0015,1277
MRT0016,2059
MRT0017,1664
MRT0018,1217
MRT0019,2503
MRT0020,1072
MRT0021,2209
MRT0022,1188
MRT0023,2948
MRT0024,680
MRT0025,542
MRT0026,1623
MRT0027,1846
MRT0028,131
NAS0101,1655
NAS0102,3061
NAS0201,2407
NAS0202,2329
NAS0203,1135
NAS0204,2059
NAS0301,1502
NAS0302,2302
NAS0303,1779
NAS0401,2986
NAS0402,309
NAS0403,589
NAS0501,942
NAS0503,2577
NAS0504,1271
OKA0001,859
OKA0002,372
OKA0003,191
OKA0004,560
OKA0005,575
OKA0006,1022
OKA0007,962
OKA0008,2582
OKA0009,2024
OKA0010,1979
OKA0011,2757
OKA0012,673
OKA0013,1726
OKA0014,1326
OKA0015,1447
OKA0016,1309
OKA0017,1288
OKA0018,1276
OKA0019,1396
OKA0020,1286
OKA0021,1027
OKA0022,1109
OKA0023,706
OKA0024,1464
OKA0025,657
OKA0026,792
OKA0027,129
OKA0028,175
OKA0029,282
OKA0030,454
OKA0031,851
OKA0032,1023
OKA0033,1664
OKA0034,821
OKA0035,416
OKA0036,724
OKA0037,907
OKA0038,418
OKA0039,1287
OKA0040,353
OKA0041,225
OKA0042,621
OKA0043,507
OKA0044,246
OKA0045,2094
OKA0046,945
OKA0047,1198
OKA0049,364
OKA0050,1775
OKA0051,321
OKA0052,1889
OKE0001,974
OKE0002,557
OKE0003,1419
OKE0004,2472
OKE0005,1807
OKE0006,2407
OKE0007,910
OKE0008,4331
OKE0009,1231
OKE0010,981
OKE0011,1395
ORA0101,698
ORA0102,579
ORA0103,1015
ORA0104,2088
ORA0105,1284
ORA0106,1908
ORA0107,1542
ORA0108,2533
ORA0109,2442
ORA0110,1067
ORA0111,505
ORA0112,356
ORA0113,881
ORA0114,1603
ORA0115,1057
ORA0116,1843
ORA0117,1834
ORA0118,1311
ORA0119,1033
ORA0120,1228
ORA0121,1249
ORA0122,1036
ORA0123,867
ORA0124,4690
ORA0125,435
ORA0126,2502
ORA0127,244
ORA0128,647
ORA0129,800
ORA0130,978
ORA0131,1900
ORA0132,2244
ORA0133,1929
ORA0134,1978
ORA0135,1802
ORA0136,341
ORA0137,1264
ORA0138,1189
ORA0139,2505
ORA0140,3371
ORA0141,2957
ORA0201,355
ORA0202,813
ORA0203,408
ORA0204,473
ORA0205,89
ORA0206,1240
ORA0207,1205
ORA0208,1707
ORA0209,350
ORA0210,575
ORA0211,382
ORA0212,733
ORA0213,1243
ORA0214,2847
ORA0215,1930
ORA0216,541
ORA0217,836
ORA0218,1053
ORA0219,1261
ORA0220,1578
ORA0221,1211
ORA0222,1408
ORA0223,1549
ORA0224,967
ORA0225,1810
ORA0226,1049
ORA0227,1430
ORA0228,2013
ORA0229,859
ORA0230,398
ORA0231,1082
ORA0232,1169
ORA0233,1186
ORA0234,594
ORA0235,655
ORA0236,806
ORA0237,702
ORA0238,1745
ORA0239,1302
ORA0240,2142
ORA0301,1062
ORA0302,868
ORA0303,1264
ORA0304,1472
ORA0305,1899
ORA0306,1901
ORA0307,3718
ORA0308,546
ORA0309,743
ORA0310,106
ORA0311,596
ORA0312,523
ORA0313,918
ORA0314,1742
ORA0315,1061
ORA0316,4396
ORA0317,1488
ORA0318,1011
ORA0319,402
ORA0320,953
ORA0321,2534
ORA0322,1933
ORA0323,903
ORA0324,1904
ORA0325,2393
ORA0326,1425
ORA0327,824
ORA0328,460
ORA0329,1368
ORA0330,644
ORA0331,2013
ORA0332,399
ORA0333,798
ORA0334,943
ORA0335,555
ORA0336,1749
ORA0337,1023
ORA0338,794
ORA0339,471
ORA0340,818
ORA0341,939
ORA0342,448
ORA0401,1156
ORA0402,1137
ORA0403,811
ORA0404,542
ORA0406,614
ORA0407,168
ORA0408,491
ORA0409,1013
ORA0410,1055
ORA0411,470
ORA0412,269
ORA0413,1015
ORA0414,1563
ORA0415,621
ORA0417,1349
ORA0418,408
ORA0419,2134
ORA0420,1499
ORA0421,1952
ORA0422,929
ORA0423,973
ORA0424,1485
ORA0425,1362
ORA0426,2091
ORA0427,1907
ORA0428,995
ORA0429,1146
ORA0430,4720
ORA0431,3678
ORA0432,1257
ORA0433,3039
ORA0434,24
ORA0435,1946
ORA0436,659
ORA0437,490
ORA0438,1497
ORA0439,1010
ORA0440,3726
ORA0441,1453
ORA0501,2586
ORA0502,2596
ORA0503,1061
ORA0504,468
ORA0505,1241
ORA0506,1203
ORA0507,943
ORA0508,1225
ORA0509,1010
ORA0510,1025
ORA0511,1659
ORA0512,2090
ORA0513,335
ORA0514,1690
ORA0515,1446
ORA0516,461
ORA0517,1242
ORA0518,423
ORA0519,973
ORA0520,1446
ORA0521,1322
ORA0522,369
ORA0523,487
ORA0524,1773
ORA0525,2918
ORA0526,1518
ORA0527,837
ORA0528,1507
ORA0529,753
ORA0530,1480
ORA0531,437
ORA0532,1225
ORA0533,554
ORA0534,1285
ORA0535,1075
ORA0536,1256
ORA0537,1456
ORA0538,12
ORA0539,3073
ORA0540,1308
ORA0541,612
ORA0542,1173
ORA0543,1300
ORA0544,2829
ORA0545,806
ORA0546,1365
ORA0547,548
ORA0548,181
ORA0549,2714
ORA0601,1823
ORA0602,1666
ORA0603,1646
ORA0604,2031
ORA0605,1475
ORA0606,806
ORA0607,405
ORA0608,636
ORA0609,1876
ORA0610,994
ORA0611,1295
ORA0612,638
ORA0613,721
ORA0614,4446
ORA0615,2560
ORA0616,2847
ORA0617,670
ORA0618,1571
ORA0619,648
ORA0620,932
ORA0621,1606
ORA0622,1067
ORA0623,2162
ORA0624,967
ORA0625,1189
ORA0626,729
ORA0627,912
ORA0628,453
ORA0629,1618
ORA0630,693
ORA0632,3041
ORA0633,2456
ORA0634,1672
OSC0100,94
OSC0101,3509
OSC0102,115
OSC0103,88
OSC0104,4075
OSC0105,1250
OSC0106,823
OSC0107,1669
OSC0109,432
OSC0110,2174
OSC0111,669
OSC0112,2116
OSC0113,1789
OSC0130,152
OSC0131,168
OSC0132,244
OSC0133,68
OSC0135,0
OSC0150,603
OSC0151,4183
OSC0152,36
OSC0153,0
OSC0154,691
OSC0155,711
OSC0156,431
OSC0157,925
OSC0158,358
OSC0159,51
OSC0160,400
OSC0200,3108
OSC0201,520
OSC0202,0
OSC0203,282
OSC0204,1878
OSC0210,1281
OSC0211,1901
OSC0212,61
OSC0250,244
OSC0251,626
OSC0300,891
OSC0301,190
OSC0302,1592
OSC0303,1374
OSC0304,1878
OSC0305,1914
OSC0306,741
OSC0307,1008
OSC0308,133
OSC0309,160
OSC0331,407
OSC0350,142
OSC0351,282
OSC0352,311
OSC0360,415
OSC0391,755
OSC0392,565
OSC0400,44
OSC0401,99
OSC0402,83
OSC0403,2811
OSC0405,90
OSC0406,1173
OSC0407,711
OSC0408,59
OSC0410,2648
OSC0411,2477
OSC0412,1044
OSC0420,4269
OSC0450,563
OSC0470,510
OSC0471,217
OSC0500,623
OSC0501,779
OSC0502,1864
OSC0503,1554
OSC0504,1636
OSC0505,117
OSC0506,1697
OSC0508,629
OSC0520,3461
OSC0521,1609
OSC0522,1244
OSC0523,684
OSC0550,795
OSC0553,198
OSC0570,231
OSC0571,33
OSC0580,0
PAL0000,4
PAL1004,0
PAL1008,0
PAL1016,0
PAL1018,466
PAL1019,293
PAL1020,0
PAL1022,1114
PAL1024,0
PAL1026,274
PAL1028,855
PAL1030,0
PAL1032,396
PAL1034,273
PAL1038,1135
PAL1040,285
PAL1042,0
PAL1044,104
PAL1046,324
PAL1048,711
PAL1050,343
PAL1052,1551
PAL1054,449
PAL1056,326
PAL1058,787
PAL1060,191
PAL1062,228
PAL1068,616
PAL1070,103
PAL1072,598
PAL1074,1476
PAL1075,329
PAL1076,1327
PAL1078,242
PAL1080,69
PAL1082,92
PAL1084,7
PAL1088,1
PAL1094,502
PAL1096,5
PAL1098,583
PAL1100,804
PAL1102,1234
PAL1104,730
PAL1106,716
PAL1108,838
PAL1110,3
PAL1112,17
PAL1118,281
PAL1120,0
PAL1122,41
PAL1124,0
PAL1126,729
PAL1128,175
PAL1130,0
PAL1136,1498
PAL1138,1182
PAL1140,261
PAL1142,429
PAL1144,1287
PAL1146,4
PAL1148,610
PAL1152,131
PAL1154,120
PAL1160,2
PAL1164,144
PAL1170,0
PAL1172,104
PAL1182,164
PAL1184,481
PAL1186,371
PAL1188,262
PAL1189,19
PAL1190,3217
PAL1192,686
PAL1194,238
PAL1198,713
PAL1202,224
PAL1206,34
PAL1208,1172
PAL1210,191
PAL1212,50
PAL1214,797
PAL1216,194
PAL1218,0
PAL1228,67
PAL1236,0
PAL1238,685
PAL1240,568
PAL1242,1729
PAL1244,1287
PAL1246,530
PAL1248,397
PAL1250,29
PAL1252,941
PAL1254,112
PAL1258,126
PAL1260,394
PAL1262,0
PAL1264,0
PAL1266,379
PAL1268,114
PAL1270,0
PAL1272,1011
PAL1274,479
PAL1276,85
PAL1278,72
PAL1280,40
PAL1282,191
PAL1284,1769
PAL1288,5
PAL1290,590
PAL1294,17
PAL1296,205
PAL1298,43
PAL1302,72
PAL1304,275
PAL1306,0
PAL1308,4
PAL1316,127
PAL1320,41
PAL1324,320
PAL1326,139
PAL1328,689
PAL1330,0
PAL1332,869
PAL1338,78
PAL1342,92
PAL1344,1077
PAL1346,339
PAL1348,16
PAL1350,409
PAL1352,503
PAL1354,118
PAL1356,849
PAL1358,1
PAL1360,367
PAL1362,305
PAL1364,151
PAL1366,96
PAL1370,209
PAL1374,21
PAL1376,0
PAL1378,1067
PAL1380,50
PAL1382,22
PAL1384,549
PAL1386,109
PAL1388,679
PAL1390,1365
PAL1392,1330
PAL1394,1286
PAL2002,47
PAL2004,259
PAL2010,647
PAL2014,347
PAL2016,463
PAL2018,1300
PAL2020,2
PAL2021,135
PAL2022,1460
PAL2024,1099
PAL2026,1876
PAL2028,527
PAL2030,193
PAL2032,75
PAL2036,1075
PAL2038,1061
PAL2040,465
PAL2041,840
PAL2044,423
PAL2046,58
PAL2048,2
PAL2050,0
PAL2052,227
PAL2054,636
PAL2056,708
PAL2058,1
PAL2060,494
PAL2062,3
PAL2064,0
PAL2066,112
PAL2068,649
PAL2070,1031
PAL2072,1169
PAL2074,0
PAL2076,280
PAL2078,1070
PAL2080,30
PAL2081,41
PAL2082,285
PAL2083,20
PAL2084,75
PAL2086,695
PAL2088,510
PAL2094,15
PAL2096,397
PAL2097,165
PAL2098,624
PAL2100,493
PAL2102,1192
PAL2104,663
PAL2106,359
PAL2108,1023
PAL2110,76
PAL2114,541
PAL2115,154
PAL2116,725
PAL2124,0
PAL2125,231
PAL2126,98
PAL2130,10
PAL2132,19
PAL2134,924
PAL2136,1319
PAL2138,823
PAL2140,901
PAL2142,507
PAL2144,572
PAL2146,934
PAL2150,520
PAL2152,2028
PAL2154,1361
PAL2156,326
PAL2158,1573
PAL2160,275
PAL2162,157
PAL2164,2233
PAL2166,1270
PAL2170,1315
PAL2174,368
PAL2182,956
PAL2184,1070
PAL2186,254
PAL2188,718
PAL2190,1462
PAL2192,248
PAL2194,684
PAL2196,1147
PAL2202,0
PAL2204,644
PAL2206,186
PAL2210,80
PAL2214,709
PAL2216,889
PAL2218,487
PAL3002,1431
PAL3004,27
PAL3006,2018
PAL3010,170
PAL3012,292
PAL3014,586
PAL3020,757
PAL3022,209
PAL3024,637
PAL3032,333
PAL3034,18
PAL3036,84
PAL3038,1263
PAL3040,1015
PAL3042,1061
PAL3044,49
PAL3048,733
PAL3052,462
PAL3060,548
PAL3062,2181
PAL3064,1236
PAL3066,915
PAL3068,1127
PAL3070,352
PAL3072,193
PAL3074,361
PAL3076,204
PAL3078,585
PAL3080,238
PAL3082,891
PAL3084,1029
PAL3086,708
PAL3088,48
PAL3090,824
PAL3092,174
PAL3094,149
PAL3096,286
PAL3098,879
PAL3100,269
PAL3102,834
PAL3104,142
PAL3106,130
PAL3108,614
PAL3110,1109
PAL3112,1089
PAL3114,155
PAL3116,677
PAL3118,33
PAL3120,1297
PAL3122,500
PAL3124,944
PAL3126,498
PAL3128,790
PAL3130,554
PAL3132,672
PAL3133,67
PAL3134,783
PAL3136,690
PAL3138,466
PAL3140,361
PAL3142,421
PAL3146,241
PAL3148,5
PAL3150,280
PAL3152,902
PAL3154,606
PAL3156,783
PAL3158,710
PAL3160,312
PAL3162,264
PAL3164,625
PAL3166,924
PAL3168,966
PAL3170,1401
PAL3172,370
PAL3176,282
PAL3182,57
PAL3186,129
PAL3187,1237
PAL3188,376
PAL3190,368
PAL3192,414
PAL3194,249
PAL3196,1194
PAL3198,926
PAL3200,397
PAL3202,38
PAL4002,483
PAL4006,103
PAL4008,191
PAL4010,1027
PAL4012,151
PAL4014,259
PAL4016,300
PAL4018,409
PAL4020,25
PAL4022,505
PAL4024,162
PAL4026,834
PAL4028,947
PAL4030,122
PAL4034,429
PAL4038,379
PAL4044,48
PAL4046,140
PAL4048,6
PAL4050,1082
PAL4052,60
PAL4053,197
PAL4054,444
PAL4062,53
PAL4064,52
PAL4072,254
PAL4074,516
PAL4076,287
PAL4084,16
PAL4086,328
PAL4088,762
PAL4090,479
PAL4094,692
PAL4096,296
PAL4098,1378
PAL4100,115
PAL4102,687
PAL4104,921
PAL4106,309
PAL4108,846
PAL4110,71
PAL4112,1021
PAL4114,1023
PAL4116,17
PAL4118,573
PAL4120,766
PAL4122,258
PAL4124,948
PAL4126,1563
PAL4128,1004
PAL4130,604
PAL4132,739
PAL4134,487
PAL4136,723
PAL4138,2230
PAL4140,270
PAL4142,897
PAL4144,162
PAL4146,760
PAL4148,1276
PAL4150,1493
PAL4152,629
PAL4154,717
PAL4156,905
PAL4158,869
PAL4160,334
PAL4162,530
PAL4164,775
PAL4166,972
PAL4168,1125
PAL4170,1317
PAL4172,1568
PAL4174,133
PAL4176,1642
PAL4178,1239
PAL4180,658
PAL4182,701
PAL4184,778
PAL4186,647
PAL4188,1489
PAL4190,2125
PAL4192,1337
PAL4194,229
PAL4196,456
PAL4198,205
PAL4200,305
PAL4202,687
PAL4204,1037
PAL4206,698
PAL4208,1481
PAL4210,966
PAL4212,915
PAL4214,1043
PAL4216,903
PAL4218,776
PAL4220,1189
PAL4222,2881
PAL4224,1978
PAL4226,1117
PAL4228,809
PAL4230,228
PAL5002,521
PAL5003,645
PAL5005,571
PAL5006,346
PAL5008,90
PAL5009,521
PAL5010,1143
PAL5012,223
PAL5014,463
PAL5016,741
PAL5018,648
PAL5020,742
PAL5022,1048
PAL5024,420
PAL5026,720
PAL5028,466
PAL5030,292
PAL5032,159
PAL5034,675
PAL5036,481
PAL5038,499
PAL5040,90
PAL5042,1040
PAL5044,431
PAL5046,1608
PAL5048,495
PAL5050,751
PAL5052,892
PAL5054,717
PAL5055,242
PAL5056,1293
PAL5058,705
PAL5060,366
PAL5062,245
PAL5064,385
PAL5066,1592
PAL5068,361
PAL5070,594
PAL5072,1097
PAL5074,413
PAL5076,1065
PAL5078,474
PAL5080,75
PAL5082,187
PAL5084,731
PAL5086,50
PAL5088,251
PAL5090,835
PAL5092,1086
PAL5094,888
PAL5096,2541
PAL5098,383
PAL5100,1230
PAL5102,617
PAL5104,847
PAL5106,1506
PAL5108,1547
PAL5110,437
PAL5111,63
PAL5112,348
PAL5114,110
PAL5115,66
PAL5116,662
PAL5117,408
PAL5118,46
PAL5119,17
PAL5122,268
PAL5124,97
PAL5126,204
PAL5128,424
PAL5130,183
PAL5132,818
PAL5134,515
PAL5136,572
PAL5138,1196
PAL5140,1338
PAL5142,505
PAL5144,1151
PAL5146,1266
PAL5148,1689
PAL5150,1137
PAL5152,586
PAL5154,1251
PAL5156,807
PAL5158,445
PAL5160,813
PAL5162,697
PAL5164,1097
PAL5166,1078
PAL5168,852
PAL5170,1434
PAL5172,287
PAL5174,641
PAL5176,547
PAL5178,760
PAL5180,493
PAL5182,316
PAL5184,1229
PAL5186,1497
PAL5188,632
PAL5190,344
PAL5192,1123
PAL5194,138
PAL6002,145
PAL6004,691
PAL6006,676
PAL6008,176
PAL6010,119
PAL6012,167
PAL6014,0
PAL6016,245
PAL6018,508
PAL6020,520
PAL6022,1739
PAL6024,1244
PAL6028,823
PAL6029,3
PAL6032,527
PAL6036,352
PAL6038,0
PAL6040,118
PAL6042,1285
PAL6044,917
PAL6045,57
PAL6046,922
PAL6050,832
PAL6051,538
PAL6052,708
PAL6058,841
PAL6060,1041
PAL6062,166
PAL6066,1369
PAL6070,55
PAL6072,158
PAL6073,0
PAL6076,654
PAL6078,795
PAL6080,715
PAL6082,21
PAL6084,280
PAL6086,190
PAL6088,515
PAL6090,1108
PAL6092,260
PAL6094,1172
PAL6098,334
PAL6100,282
PAL6102,353
PAL6104,83
PAL6106,12
PAL6112,341
PAL6114,932
PAL6116,298
PAL6118,1144
PAL6120,252
PAL6122,911
PAL6124,522
PAL6126,156
PAL6128,0
PAL6130,94
PAL6132,189
PAL6134,474
PAL6140,153
PAL6142,0
PAL6146,0
PAL6150,34
PAL6152,163
PAL6154,473
PAL6156,647
PAL6158,1020
PAL6160,711
PAL6162,935
PAL6164,660
PAL6166,1060
PAL6168,84
PAL6172,582
PAL6174,47
PAL6176,24
PAL6178,136
PAL6182,374
PAL6184,588
PAL6186,418
PAL6188,403
PAL6190,449
PAL6192,502
PAL6194,169
PAL6198,513
PAL6200,376
PAL6202,63
PAL6207,240
PAL6208,239
PAL6210,990
PAL6212,197
PAL6214,337
PAL6216,128
PAL6224,648
PAL6226,111
PAL6228,178
PAL6230,924
PAL6232,284
PAL7002,0
PAL7010,357
PAL7012,927
PAL7016,0
PAL7022,396
PAL7024,953
PAL7025,134
PAL7026,1372
PAL7028,1510
PAL7030,27
PAL7032,0
PAL7034,1490
PAL7036,0
PAL7040,886
PAL7041,196
PAL7042,1095
PAL7044,1020
PAL7046,65
PAL7050,0
PAL7054,508
PAL7058,1328
PAL7060,463
PAL7062,484
PAL7064,1065
PAL7066,1583
PAL7068,1425
PAL7070,492
PAL7072,191
PAL7076,2
PAL7078,118
PAL7080,0
PAL7082,419
PAL7084,438
PAL7086,15
PAL7088,815
PAL7090,488
PAL7092,55
PAL7094,248
PAL7096,927
PAL7098,47
PAL7100,488
PAL7102,390
PAL7104,190
PAL7106,1989
PAL7108,663
PAL7110,729
PAL7112,84
PAL7118,46
PAL7120,112
PAL7124,859
PAL7126,3105
PAL7128,1813
PAL7130,2546
PAL7132,1969
PAL7134,346
PAL7138,2307
PAL7146,92
PAL7148,86
PAL7150,844
PAL7152,633
PAL7154,333
PAL7158,985
PAL7160,1806
PAL7162,1227
PAL7164,396
PAL7166,3
PAL7168,1269
PAL7170,1365
PAL7174,1119
PAL7176,203
PAL7178,1032
PAL7179,906
PAL7180,888
PAL7182,940
PAL7186,1675
PAL7188,949
PAL7190,891
PAL7192,0
PAL7194,651
PAL7196,636
PAL7198,16
PAL7200,1032
PAL7202,1316
PAL7204,124
PAL7206,109
PAL7208,805
PAL7210,1376
PAL7212,1345
PAL7214,515
PAS0001,2271
PAS0002,254
PAS0003,1186
PAS0004,405
PAS0005,826
PAS0006,5206
PAS0007,2010
PAS0008,1382
PAS0009,327
PAS0010,396
PAS0011,1309
PAS0012,524
PAS0013,417
PAS0014,1962
PAS0015,4161
PAS0016,391
PAS0017,603
PAS0018,718
PAS0019,503
PAS0020,203
PAS0021,687
PAS0022,895
PAS0023,721
PAS0024,106
PAS0025,3756
PAS0026,1616
PAS0027,3214
PAS0028,2439
PAS0029,1558
PAS0030,2233
PAS0031,757
PAS0032,2219
PAS0033,794
PAS0034,2167
PAS0035,2899
PAS0036,2010
PAS0037,897
PAS0038,1408
PAS0039,187
PAS0040,341
PAS0041,803
PAS0042,3496
PAS0043,406
PAS0044,1778
PAS0045,730
PAS0046,3044
PAS0047,543
PAS0048,416
PAS0049,1779
PAS0050,1311
PAS0051,1011
PAS0052,3032
PAS0053,1437
PAS0054,2317
PAS0055,1848
PAS0056,395
PAS0057,1066
PAS0058,606
PAS0059,3533
PAS0060,531
PAS0061,325
PAS0062,2038
PAS0063,764
PAS0064,1743
PAS0065,1747
PAS0066,2115
PAS0067,725
PAS0068,1930
PAS0069,2638
PAS0070,1140
PAS0071,772
PAS0072,1475
PAS0073,517
PAS0074,1
PAS0075,1541
PAS0076,1058
PAS0077,1574
PAS0078,650
PAS0079,346
PAS0080,128
PAS0081,729
PAS0082,1960
PAS0083,1799
PAS0084,812
PAS0085,943
PAS0086,1799
PAS0087,755
PAS0088,132
PAS0089,461
PAS0090,1220
PAS0091,1250
PAS0092,911
PAS0093,1232
PAS0094,699
PAS0095,1050
PAS0096,983
PAS0097,3231
PAS0098,654
PAS0099,974
PAS0100,371
PAS0101,979
PAS0102,1348
PAS0103,364
PAS0104,447
PAS0105,1460
PAS0106,1578
PAS0107,1099
PAS0108,2738
PAS0109,707
PAS0110,807
PAS0111,1137
PIN0101,1263
PIN0102,720
PIN0103,174
PIN0104,412
PIN0105,1352
PIN0106,134
PIN0107,311
PIN0108,1049
PIN0109,1015
PIN0110,143
PIN0111,140
PIN0112,418
PIN0113,539
PIN0114,448
PIN0115,412
PIN0116,921
PIN0117,652
PIN0118,720
PIN0119,1949
PIN0120,1807
PIN0121,468
PIN0122,40
PIN0123,3464
PIN0125,1180
PIN0126,378
PIN0127,1199
PIN0128,1786
PIN0129,1987
PIN0130,1037
PIN0131,935
PIN0132,914
PIN0133,899
PIN0134,558
PIN0135,2308
PIN0136,878
PIN0137,805
PIN0138,693
PIN0139,1070
PIN0140,3057
PIN0141,1068
PIN0142,994
PIN0143,221
PIN0144,1048
PIN0145,749
PIN0146,551
PIN0147,776
PIN0148,4529
PIN0149,360
PIN0150,2055
PIN0151,1045
PIN0152,1024
PIN0153,1546
PIN0154,102
PIN0155,2493
PIN0156,731
PIN0157,143
PIN0158,1537
PIN0159,2127
PIN0160,1925
PIN0161,2326
PIN0162,2661
PIN0163,670
PIN0164,0
PIN0165,0
PIN0200,679
PIN0201,125
PIN0202,283
PIN0203,430
PIN0204,308
PIN0205,1087
PIN0206,537
PIN0207,527
PIN0208,326
PIN0209,1626
PIN0210,850
PIN0211,337
PIN0212,250
PIN0213,471
PIN0214,421
PIN0215,56
PIN0216,1157
PIN0218,150
PIN0219,625
PIN0220,365
PIN0221,1002
PIN0222,2210
PIN0223,14
PIN0224,919
PIN0225,1019
PIN0226,447
PIN0227,1176
PIN0228,325
PIN0229,948
PIN0230,627
PIN0231,1289
PIN0232,954
PIN0233,758
PIN0234,864
PIN0235,730
PIN0236,1263
PIN0237,759
PIN0238,733
PIN0239,1876
PIN0240,902
PIN0241,1056
PIN0242,642
PIN0243,927
PIN0244,562
PIN0245,368
PIN0246,641
PIN0247,1285
PIN0248,981
PIN0249,358
PIN0250,1860
PIN0251,897
PIN0252,485
PIN0254,237
PIN0255,799
PIN0256,333
PIN0257,721
PIN0258,130
PIN0259,3449
PIN0260,700
PIN0261,938
PIN0262,0
PIN0263,386
PIN0264,70
PIN0265,918
PIN0266,1127
PIN0267,140
PIN0268,741
PIN0269,718
PIN0270,207
PIN0272,352
PIN0273,188
PIN0274,999
PIN0275,214
PIN0301,28
PIN0302,1635
PIN0303,1429
PIN0304,294
PIN0305,1161
PIN0306,1004
PIN0307,1385
PIN0308,182
PIN0309,1000
PIN0310,749
PIN0311,426
PIN0312,356
PIN0313,392
PIN0314,109
PIN0315,379
PIN0316,141
PIN0317,2239
PIN0318,477
PIN0319,27
PIN0320,1109
PIN0321,475
PIN0322,3384
PIN0323,802
PIN0324,630
PIN0325,1109
PIN0326,1193
PIN0327,1984
PIN0328,1034
PIN0329,1097
PIN0330,740
PIN0331,2833
PIN0332,0
PIN0333,664
PIN0334,1151
PIN0335,1715
PIN0336,690
PIN0337,832
PIN0338,742
PIN0339,925
PIN0340,808
PIN0341,673
PIN0342,372
PIN0343,646
PIN0344,925
PIN0345,1950
PIN0346,1872
PIN0347,1313
PIN0348,728
PIN0349,511
PIN0350,575
PIN0401,472
PIN0402,824
PIN0403,824
PIN0404,611
PIN0405,940
PIN0406,356
PIN0407,465
PIN0408,222
PIN0409,481
PIN0415,1276
PIN0416,358
PIN0417,433
PIN0418,320
PIN0419,119
PIN0420,1292
PIN0422,129
PIN0500,884
PIN0501,1408
PIN0502,578
PIN0503,499
PIN0504,849
PIN0505,1064
PIN0506,1256
PIN0507,752
PIN0508,900
PIN0509,950
PIN0510,1439
PIN0511,1491
PIN0514,1126
PIN0515,237
PIN0516,2163
PIN0517,758
PIN0518,2221
PIN0519,624
PIN0520,332
PIN0521,1079
PIN0522,2241
PIN0523,191
PIN0524,292
PIN0525,388
PIN0526,2401
PIN0527,864
PIN0528,1187
PIN0529,940
PIN0530,990
PIN0531,1982
PIN0532,556
PIN0533,591
PIN0534,809
PIN0535,2098
PIN0536,474
PIN0537,2128
PIN0538,2004
PIN0539,930
PIN0540,1420
PIN0541,611
PIN0542,1129
PIN0543,412
PIN0544,2129
PIN0545,299
PIN0601,2637
PIN0602,959
PIN0603,1563
PIN0604,2
PIN0605,806
PIN0606,1214
PIN0607,1269
PIN0608,1043
PIN0609,693
PIN0610,675
PIN0611,1036
PIN0612,539
PIN0613,555
PIN0614,1225
PIN0615,1058
PIN0616,1040
PIN0617,1917
PIN0618,258
PIN0619,795
PIN0620,1263
PIN0621,799
PIN0622,1369
PIN0623,920
PIN0624,334
PIN0625,496
PIN0626,252
PIN0627,2380
PIN0628,1254
PIN0629,295
PIN0630,209
PIN0631,371
PIN0632,915
PIN0633,1041
PIN0634,951
PIN0635,625
PIN0636,270
PIN0637,1298
PIN0638,594
PIN0701,795
PIN0702,686
PIN0703,871
PIN0704,1629
PIN0705,793
PIN0706,881
PIN0710,164
PIN0711,621
PIN0712,2041
POL0101,998
POL0102,340
POL0103,2768
POL0104,2146
POL0105,1615
POL0106,307
POL0107,2398
POL0108,510
POL0109,2260
POL0110,1606
POL0111,1832
POL0112,1703
POL0113,208
POL0114,907
POL0115,1393
POL0116,668
POL0117,2399
POL0118,3315
POL0119,132
POL0120,969
POL0121,1722
POL0123,2322
POL0124,2348
POL0125,153
POL0201,2913
POL0203,867
POL0204,1484
POL0205,903
POL0206,643
POL0207,1181
POL0208,1885
POL0209,1335
POL0210,710
POL0211,1255
POL0212,2184
POL0213,716
POL0214,1372
POL0216,852
POL0217,1439
POL0218,1076
POL0219,733
POL0220,764
POL0221,2043
POL0222,1197
POL0223,496
POL0224,716
POL0225,1453
POL0226,1340
POL0227,274
POL0228,869
POL0229,1142
POL0230,1113
POL0231,1062
POL0232,419
POL0233,166
POL0234,163
POL0235,475
POL0236,1709
POL0237,1578
POL0238,1180
POL0239,692
POL0240,556
POL0241,1081
POL0242,522
POL0243,1417
POL0244,1133
POL0245,2547
POL0246,185
POL0247,2222
POL0248,1490
POL0249,1150
POL0250,1169
POL0251,128
POL0301,841
POL0302,829
POL0303,1677
POL0304,1366
POL0306,1853
POL0307,1514
POL0309,2012
POL0310,314
POL0312,2814
POL0313,1258
POL0314,2507
POL0315,115
POL0316,765
POL0319,1475
POL0321,474
POL0322,1617
POL0323,1391
POL0324,1192
POL0325,896
POL0326,1622
POL0327,1469
POL0329,2127
POL0330,1032
POL0331,494
POL0332,1660
POL0333,1258
POL0334,679
POL0336,1168
POL0337,1791
POL0338,811
POL0339,1764
POL0340,294
POL0401,1371
POL0402,2713
POL0403,2279
POL0404,2531
POL0405,748
POL0406,768
POL0407,2078
POL0408,3503
POL0409,2023
POL0410,790
POL0411,3152
POL0412,2679
POL0413,704
POL0414,684
POL0415,2402
POL0416,2271
POL0418,1428
POL0419,4259
POL0420,258
POL0421,898
POL0501,165
POL0502,2
POL0503,129
POL0504,1461
POL0505,1153
POL0506,731
POL0507,1196
POL0508,737
POL0509,623
POL0510,403
POL0511,924
POL0512,409
POL0513,29
POL0514,692
POL0516,759
POL0517,805
POL0518,1402
POL0519,742
POL0520,416
POL0521,115
POL0522,1591
POL0523,432
POL0524,1552
POL0525,258
POL0526,1051
POL0527,1086
POL0528,606
POL0529,887
POL0530,2372
POL0531,855
POL0532,738
POL0533,1794
POL0534,876
POL0535,575
POL0536,669
POL0537,2361
POL0538,733
POL0539,818
POL0540,1088
POL0541,1
POL0542,1783
PUT0001,608
PUT0002,573
PUT0003,1132
PUT0004,135
PUT0005,193
PUT0006,141
PUT0007,939
PUT0008,1175
PUT0009,333
PUT0010,1903
PUT0011,1923
PUT0012,1364
PUT0014,115
PUT0015,73
PUT0016,539
PUT0018,791
PUT0019,96
PUT0020,1078
PUT0021,308
PUT0022,580
PUT0023,595
PUT0024,1628
PUT0025,503
PUT0026,852
PUT0027,293
PUT0028,362
PUT0030,19
PUT0032,230
PUT0033,51
PUT0034,26
PUT0035,280
PUT0036,413
PUT0037,733
PUT0038,452
PUT0039,814
SAN0001,679
SAN0002,994
SAN0003,251
SAN0004,960
SAN0005,72
SAN0006,64
SAN0007,170
SAN0008,1103
SAN0009,1375
SAN0010,582
SAN0011,708
SAN0012,1727
SAN0013,601
SAN0014,492
SAN0015,1559
SAN0016,1781
SAN0017,380
SAN0018,1653
SAN0019,693
SAN0020,1980
SAN0021,1630
SAN0022,2073
SAN0023,1581
SAN0024,2735
SAN0025,1604
SAN0026,2701
SAN0027,1582
SAN0028,1082
SAN0029,1564
SAN0030,573
SAN0031,855
SAN0032,682
SAN0033,1561
SAN0034,4158
SAN0035,2087
SAN0036,185
SAN0037,457
SAN0038,204
SAN0039,422
SAN0040,189
SAN0041,729
SAR0101,14
SAR0103,1925
SAR0105,3045
SAR0106,2424
SAR0107,612
SAR0109,1095
SAR0111,191
SAR0113,602
SAR0115,3420
SAR0117,964
SAR0119,1429
SAR0121,2535
SAR0123,1712
SAR0125,2083
SAR0127,3708
SAR0129,708
SAR0131,500
SAR0133,2476
SAR0135,166
SAR0201,3376
SAR0203,853
SAR0205,309
SAR0207,549
SAR0209,3448
SAR0211,884
SAR0213,264
SAR0215,2227
SAR0217,564
SAR0219,2670
SAR0221,4411
SAR0223,723
SAR0225,453
SAR0227,1423
SAR0229,1974
SAR0231,4781
SAR0233,3352
SAR0301,419
SAR0303,10
SAR0305,2404
SAR0307,2045
SAR0309,1682
SAR0311,4525
SAR0313,6416
SAR0315,462
SAR0317,1514
SAR0319,409
SAR0321,2260
SAR0323,960
SAR0325,566
SAR0327,2404
SAR0329,1731
SAR0331,2809
SAR0333,244
SAR0335,1364
SAR0337,617
SAR0339,2210
SAR0341,535
SAR0401,88
SAR0403,125
SAR0405,2296
SAR0407,2555
SAR0409,2854
SAR0411,2499
SAR0413,3924
SAR0415,3502
SAR0417,4965
SAR0419,304
SAR0421,266
SAR0423,1972
SAR0425,1092
SAR0429,875
SAR0430,331
SAR0431,1028
SAR0433,588
SAR0435,641
SAR0437,525
SAR0501,408
SAR0502,1136
SAR0505,777
SAR0507,2048
SAR0509,1087
SAR0511,2216
SAR0513,710
SAR0515,855
SAR0517,1476
SAR0519,2112
SAR0521,931
SAR0523,1243
SAR0525,1091
SAR0527,3448
SAR0529,2684
SAR0531,602
SAR0533,1762
SAR0535,3912
SAR0537,3713
SAR0539,2192
SAR0541,2155
SAR0543,972
SAR0545,2661
SEM0001,809
SEM0002,341
SEM0003,1720
SEM0004,3222
SEM0005,3518
SEM0006,2318
SEM0007,793
SEM0008,982
SEM0009,914
SEM0010,1965
SEM0011,3027
SEM0012,906
SEM0013,2212
SEM0014,619
SEM0015,494
SEM0016,1374
SEM0017,363
SEM0018,776
SEM0019,1829
SEM0020,3811
SEM0021,1394
SEM0022,2350
SEM0023,120
SEM0024,2375
SEM0025,146
SEM0026,478
SEM0027,610
SEM0028,824
SEM0029,1470
SEM0030,822
SEM0031,1828
SEM0032,569
SEM0033,1404
SEM0034,3179
SEM0035,1285
SEM0036,3393
SEM0037,2339
SEM0038,468
SEM0039,2882
SEM0040,1046
SEM0041,2512
SEM0042,1148
SEM0043,3012
SEM0044,2560
SEM0045,704
SEM0046,1415
SEM0047,747
SEM0048,1568
SEM0049,1670
SEM0050,1685
SEM0051,816
SEM0052,643
SEM0053,2478
SEM0054,1767
SEM0055,1073
SEM0056,3429
SEM0057,679
SEM0058,1329
SEM0059,435
SEM0060,2123
SEM0061,1861
SEM0062,636
SEM0063,200
SEM0064,558
SEM0065,885
SEM0066,339
SEM0067,956
SEM0068,930
SEM0069,2419
SEM0070,1966
SEM0071,3016
SEM0072,619
SEM0073,1316
SEM0074,830
SEM0075,604
SEM0076,744
SEM0077,464
SEM0078,1423
SEM0079,1603
SEM0080,860
STJ0101,688
STJ0102,318
STJ0103,1040
STJ0104,473
STJ0105,2344
STJ0106,533
STJ0107,1525
STJ0108,412
STJ0109,1099
STJ0110,187
STJ0111,1345
STJ0201,792
STJ0202,702
STJ0203,2210
STJ0204,1486
STJ0205,1901
STJ0206,222
STJ0207,1734
STJ0208,712
STJ0209,2024
STJ0301,399
STJ0302,2502
STJ0303,961
STJ0304,1684
STJ0305,3129
STJ0306,654
STJ0307,2128
STJ0308,798
STJ0309,2924
STJ0401,2209
STJ0402,1951
STJ0403,927
STJ0404,675
STJ0405,753
STJ0406,1440
STJ0407,25
STJ0408,3230
STJ0409,138
STJ0410,1194
STJ0501,1424
STJ0502,3761
STJ0503,693
STJ0504,1697
STJ0505,1492
STJ0506,1086
STJ0507,1051
STJ0508,2957
STJ0509,2343
STL0001,3205
STL0006,1429
STL0007,1507
STL0008,991
STL0009,957
STL0010,213
STL0011,897
STL0012,2414
STL0013,2044
STL0014,1309
STL0015,2829
STL0016,3520
STL0017,1908
STL0018,1510
STL0019,1715
STL0020,501
STL0021,2311
STL0022,2096
STL0023,1949
STL0024,945
STL0025,2081
STL0026,1995
STL0028,825
STL0029,126
STL0031,1089
STL0033,223
STL0035,1028
STL0036,561
STL0037,2289
STL0038,1254
STL0039,1121
STL0040,1275
STL0041,2054
STL0042,2519
STL0043,3547
STL0045,967
STL0046,2106
STL0047,1717
STL0049,2760
STL0050,4191
STL0051,1508
STL0052,1175
STL0053,1866
STL0056,1976
STL0060,318
STL0063,129
STL0065,244
STL0066,551
STL0067,852
STL0068,1981
STL0071,3004
STL0073,3737
STL0074,1286
STL0075,1162
STL0082,1758
STL0083,4090
STL0084,1841
STL0085,5576
STL0086,694
STL0089,6246
STL0091,325
STL0092,27
STL0093,5
STL0094,3
SUM0101,1383
SUM0102,2085
SUM0103,1812
SUM0104,1237
SUM0105,2281
SUM0106,1036
SUM0107,982
SUM0108,1111
SUM0109,1324
SUM0110,995
SUM0111,2980
SUM0112,2329
SUM0113,366
SUM0114,2400
SUM0115,2050
SUM0117,4426
SUM0118,1221
SUM0119,506
SUM0120,2711
SUM0121,609
SUM0123,1309
SUM0125,1149
SUM0127,1500
SUM0128,1187
SUM0129,3864
SUM0130,2074
SUW0001,1168
SUW0002,611
SUW0003,474
SUW0004,415
SUW0005,613
SUW0006,723
SUW0007,473
SUW0008,260
SUW0009,922
SUW0010,590
SUW0011,908
SUW0012,857
SUW0013,1069
SUW0014,281
SUW0015,431
SUW0016,723
TAY0001,520
TAY0002,347
TAY0003,745
TAY0004,82
TAY0005,1482
TAY0006,188
TAY0007,592
TAY0008,361
TAY0009,208
TAY0010,147
TAY0011,216
TAY0012,648
TAY0013,533
TAY0014,473
UNI003C,26
UNI004B,560
UNI005B,143
UNI1A1B,425
UNI2A2B,385
UNI3A3B,786
UNI4A4C,216
UNI5A5C,267
VOL0101,555
VOL0105,147
VOL0107,900
VOL0201,921
VOL0202,1770
VOL0203,44
VOL0204,324
VOL0205,999
VOL0206,506
VOL0207,365
VOL0208,2072
VOL0212,1178
VOL0215,1670
VOL0216,2019
VOL0217,1662
VOL0218,1629
VOL0220,155
VOL0222,1381
VOL0223,13
VOL0224,700
VOL0301,1387
VOL0303,1138
VOL0304,814
VOL0305,1785
VOL0306,1954
VOL0307,1382
VOL0308,819
VOL0309,2113
VOL0401,2161
VOL0403,1433
VOL0404,290
VOL0405,925
VOL0406,2164
VOL0407,1865
VOL0410,1229
VOL0411,816
VOL0412,377
VOL0413,655
VOL0414,670
VOL0415,1035
VOL0416,1820
VOL0417,270
VOL0419,860
VOL0420,881
VOL0421,730
VOL0422,839
VOL0423,581
VOL0427,713
VOL0429,309
VOL0501,560
VOL0502,3885
VOL0503,254
VOL0504,1251
VOL0506,1114
VOL0508,668
VOL0509,148
VOL0510,1123
VOL0511,251
VOL0512,1045
VOL0515,765
VOL0516,1036
VOL0517,1574
VOL0519,850
VOL0521,1098
VOL0522,1441
VOL0523,1285
VOL0526,739
VOL0527,1018
VOL0528,1108
VOL0529,1488
VOL0530,823
VOL0532,938
VOL0602,4080
VOL0603,861
VOL0607,2775
VOL0614,1595
VOL0619,1003
VOL0620,240
VOL0621,611
VOL0622,623
VOL0623,2156
VOL0625,415
VOL0626,1055
VOL0628,2303
VOL0633,1922
VOL0638,1136
VOL0641,2364
VOL0701,2445
VOL0703,2026
VOL0705,361
VOL0706,115
VOL0709,2150
VOL0711,1546
VOL0712,642
VOL0714,1416
VOL0716,1068
VOL0717,809
VOL0718,1492
VOL0719,1129
VOL0720,624
VOL0722,1590
VOL0725,708
VOL0726,1341
VOL0728,1246
VOL0729,1105
VOL0732,1758
VOL0733,487
VOL0803,1132
VOL0804,1176
VOL0805,3026
VOL0807,93
VOL0808,2656
VOL0809,179
VOL0810,989
VOL0812,1812
VOL0813,1547
VOL0814,294
VOL0816,541
VOL0901,983
VOL0902,1583
VOL0903,1418
VOL0907,400
VOL0909,592
VOL0910,551
WAK0001,854
WAK0002,2357
WAK0003,781
WAK0004,182
WAK0005,227
WAK0006,528
WAK0007,1362
WAK0008,134
WAK0009,455
WAK0010,99
WAK0011,239
WAK0012,1096
WAL0110,740
WAL0120,459
WAL0130,1109
WAL0210,210
WAL0220,289
WAL0230,373
WAL0240,191
WAL0310,2901
WAL0320,1153
WAL0330,1043
WAL0340,487
WAL0350,302
WAL0360,374
WAL0410,722
WAL0420,279
WAL0430,3521
WAL0440,652
WAL0510,8358
WAL0520,6592
WAL0530,5014
WAL0540,3279
WAS0001,260
WAS0002,435
WAS0003,264
WAS0004,2047
WAS0005,567
WAS0006,172
WAS0007,363
WAS0008,506
WAS0009,404
WAS0011,239
WAS0012,842
WAS0015,569
